BilledCost,BillingAccountId,BillingAccountName,BillingCurrency,BillingPeriodStart,BillingPeriodEnd,ChargeCategory,ChargeDescription,ChargePeriodStart,ChargePeriodEnd,ConsumedQuantity,ConsumedUnit,EffectiveCost,InvoiceIssuerName,ListCost,ListUnitPrice,PricingCategory,PricingQuantity,PricingUnit,ProviderName,PublisherName,RegionId,RegionName,ResourceId,ResourceName,ResourceType,ServiceCategory,ServiceName,SkuId,SubAccountId,SubAccountName,Tags
220.5933,111122223333,ml-platform-prod,USD,2026-04-01T00:00:00Z,2026-05-01T00:00:00Z,Usage,p4d.24xlarge Reserved compute,2026-04-01T00:00:00Z,2026-04-02T00:00:00Z,10.86,Hours,220.5933,AWS,355.7957,32.77,Reserved,10.86,Hours,AWS,AWS,us-east-1,US East (N. Virginia),i-team-a-train-001,i-team-a-train-001,p4d.24xlarge,AI and Machine Learning,Amazon Elastic Compute Cloud,p4d.24xlarge-reserved,,,"{""cost-team"": ""team-a"", ""env"": ""ml"", ""purpose"": ""training""}"
29.0971,111122223333,ml-platform-prod,USD,2026-04-01T00:00:00Z,2026-05-01T00:00:00Z,Usage,g5.2xlarge Standard compute,2026-04-01T00:00:00Z,2026-04-02T00:00:00Z,24.01,Hours,29.0971,AWS,29.0971,1.212,Standard,24.01,Hours,AWS,AWS,us-east-1,US East (N. Virginia),i-team-a-inf-001,i-team-a-inf-001,g5.2xlarge,AI and Machine Learning,Amazon Elastic Compute Cloud,g5.2xlarge-standard,,,"{""cost-team"": ""team-a"", ""env"": ""ml"", ""purpose"": ""inference""}"
24.1797,111122223333,ml-platform-prod,USD,2026-04-01T00:00:00Z,2026-05-01T00:00:00Z,Usage,g5.xlarge Standard compute,2026-04-01T00:00:00Z,2026-04-02T00:00:00Z,24.04,Hours,24.1797,AWS,24.1797,1.006,Standard,24.04,Hours,AWS,AWS,us-east-1,US East (N. Virginia),i-team-a-inf-002,i-team-a-inf-002,g5.xlarge,AI and Machine Learning,Amazon Elastic Compute Cloud,g5.xlarge-standard,,,"{""cost-team"": ""team-a"", ""env"": ""ml"", ""purpose"": ""inference""}"
15.1705,111122223333,ml-platform-prod,USD,2026-04-01T00:00:00Z,2026-05-01T00:00:00Z,Usage,g5.xlarge Standard compute,2026-04-01T00:00:00Z,2026-04-02T00:00:00Z,15.08,Hours,15.1705,AWS,15.1705,1.006,Standard,15.08,Hours,AWS,AWS,us-east-1,US East (N. Virginia),i-team-b-inf-001,i-team-b-inf-001,g5.xlarge,AI and Machine Learning,Amazon Elastic Compute Cloud,g5.xlarge-standard,,,"{""cost-team"": ""team-b"", ""env"": ""ml"", ""purpose"": ""inference""}"
2.0546,111122223333,ml-platform-prod,USD,2026-04-01T00:00:00Z,2026-05-01T00:00:00Z,Usage,g5.xlarge Spot compute,2026-04-01T00:00:00Z,2026-04-02T00:00:00Z,6.81,Hours,2.0546,AWS,6.8488,1.006,Spot,6.81,Hours,AWS,AWS,us-east-1,US East (N. Virginia),i-team-b-inf-002,i-team-b-inf-002,g5.xlarge,AI and Machine Learning,Amazon Elastic Compute Cloud,g5.xlarge-spot,,,"{""cost-team"": ""team-b"", ""env"": ""ml"", ""purpose"": ""inference""}"
31.8404,111122223333,ml-platform-prod,USD,2026-04-01T00:00:00Z,2026-05-01T00:00:00Z,Usage,g5.4xlarge Standard compute,2026-04-01T00:00:00Z,2026-04-02T00:00:00Z,19.61,Hours,31.8404,AWS,31.8404,1.624,Standard,19.61,Hours,AWS,AWS,us-east-1,US East (N. Virginia),i-research-gpu-001,i-research-gpu-001,g5.4xlarge,AI and Machine Learning,Amazon Elastic Compute Cloud,g5.4xlarge-standard,,,
1.4386,111122223333,ml-platform-prod,USD,2026-04-01T00:00:00Z,2026-05-01T00:00:00Z,Usage,m5.large Reserved compute,2026-04-01T00:00:00Z,2026-04-02T00:00:00Z,24.17,Hours,1.4386,AWS,2.3203,0.096,Reserved,24.17,Hours,AWS,AWS,us-east-1,US East (N. Virginia),i-mgmt-001,i-mgmt-001,m5.large,Compute,Amazon Elastic Compute Cloud,m5.large-reserved,,,"{""cost-team"": ""team-a"", ""env"": ""production"", ""purpose"": ""management""}"
2.9581,111122223333,ml-platform-prod,USD,2026-04-01T00:00:00Z,2026-05-01T00:00:00Z,Usage,m5.xlarge Reserved compute,2026-04-01T00:00:00Z,2026-04-02T00:00:00Z,24.85,Hours,2.9581,AWS,4.7712,0.192,Reserved,24.85,Hours,AWS,AWS,us-east-1,US East (N. Virginia),i-mgmt-002,i-mgmt-002,m5.xlarge,Compute,Amazon Elastic Compute Cloud,m5.xlarge-reserved,,,"{""cost-team"": ""team-b"", ""env"": ""production"", ""purpose"": ""management""}"
246.723,111122223333,ml-platform-prod,USD,2026-04-01T00:00:00Z,2026-05-01T00:00:00Z,Usage,p4d.24xlarge Reserved compute,2026-04-02T00:00:00Z,2026-04-03T00:00:00Z,12.14,Hours,246.723,AWS,397.9403,32.77,Reserved,12.14,Hours,AWS,AWS,us-east-1,US East (N. Virginia),i-team-a-train-001,i-team-a-train-001,p4d.24xlarge,AI and Machine Learning,Amazon Elastic Compute Cloud,p4d.24xlarge-reserved,,,"{""cost-team"": ""team-a"", ""env"": ""ml"", ""purpose"": ""training""}"
29.9262,111122223333,ml-platform-prod,USD,2026-04-01T00:00:00Z,2026-05-01T00:00:00Z,Usage,g5.2xlarge Standard compute,2026-04-02T00:00:00Z,2026-04-03T00:00:00Z,24.69,Hours,29.9262,AWS,29.9262,1.212,Standard,24.69,Hours,AWS,AWS,us-east-1,US East (N. Virginia),i-team-a-inf-001,i-team-a-inf-001,g5.2xlarge,AI and Machine Learning,Amazon Elastic Compute Cloud,g5.2xlarge-standard,,,"{""cost-team"": ""team-a"", ""env"": ""ml"", ""purpose"": ""inference""}"
24.9532,111122223333,ml-platform-prod,USD,2026-04-01T00:00:00Z,2026-05-01T00:00:00Z,Usage,g5.xlarge Standard compute,2026-04-02T00:00:00Z,2026-04-03T00:00:00Z,24.8,Hours,24.9532,AWS,24.9532,1.006,Standard,24.8,Hours,AWS,AWS,us-east-1,US East (N. Virginia),i-team-a-inf-002,i-team-a-inf-002,g5.xlarge,AI and Machine Learning,Amazon Elastic Compute Cloud,g5.xlarge-standard,,,"{""cost-team"": ""team-a"", ""env"": ""ml"", ""purpose"": ""inference""}"
14.8416,111122223333,ml-platform-prod,USD,2026-04-01T00:00:00Z,2026-05-01T00:00:00Z,Usage,g5.xlarge Standard compute,2026-04-02T00:00:00Z,2026-04-03T00:00:00Z,14.75,Hours,14.8416,AWS,14.8416,1.006,Standard,14.75,Hours,AWS,AWS,us-east-1,US East (N. Virginia),i-team-b-inf-001,i-team-b-inf-001,g5.xlarge,AI and Machine Learning,Amazon Elastic Compute Cloud,g5.xlarge-standard,,,"{""cost-team"": ""team-b"", ""env"": ""ml"", ""purpose"": ""inference""}"
2.4927,111122223333,ml-platform-prod,USD,2026-04-01T00:00:00Z,2026-05-01T00:00:00Z,Usage,g5.xlarge Spot compute,2026-04-02T00:00:00Z,2026-04-03T00:00:00Z,8.26,Hours,2.4927,AWS,8.3091,1.006,Spot,8.26,Hours,AWS,AWS,us-east-1,US East (N. Virginia),i-team-b-inf-002,i-team-b-inf-002,g5.xlarge,AI and Machine Learning,Amazon Elastic Compute Cloud,g5.xlarge-spot,,,"{""cost-team"": ""team-b"", ""env"": ""ml"", ""purpose"": ""inference""}"
31.9688,111122223333,ml-platform-prod,USD,2026-04-01T00:00:00Z,2026-05-01T00:00:00Z,Usage,g5.4xlarge Standard compute,2026-04-02T00:00:00Z,2026-04-03T00:00:00Z,19.69,Hours,31.9688,AWS,31.9688,1.624,Standard,19.69,Hours,AWS,AWS,us-east-1,US East (N. Virginia),i-research-gpu-001,i-research-gpu-001,g5.4xlarge,AI and Machine Learning,Amazon Elastic Compute Cloud,g5.4xlarge-standard,,,
1.359,111122223333,ml-platform-prod,USD,2026-04-01T00:00:00Z,2026-05-01T00:00:00Z,Usage,m5.large Reserved compute,2026-04-02T00:00:00Z,2026-04-03T00:00:00Z,22.83,Hours,1.359,AWS,2.1919,0.096,Reserved,22.83,Hours,AWS,AWS,us-east-1,US East (N. Virginia),i-mgmt-001,i-mgmt-001,m5.large,Compute,Amazon Elastic Compute Cloud,m5.large-reserved,,,"{""cost-team"": ""team-a"", ""env"": ""production"", ""purpose"": ""management""}"
2.9701,111122223333,ml-platform-prod,USD,2026-04-01T00:00:00Z,2026-05-01T00:00:00Z,Usage,m5.xlarge Reserved compute,2026-04-02T00:00:00Z,2026-04-03T00:00:00Z,24.95,Hours,2.9701,AWS,4.7905,0.192,Reserved,24.95,Hours,AWS,AWS,us-east-1,US East (N. Virginia),i-mgmt-002,i-mgmt-002,m5.xlarge,Compute,Amazon Elastic Compute Cloud,m5.xlarge-reserved,,,"{""cost-team"": ""team-b"", ""env"": ""production"", ""purpose"": ""management""}"
240.7402,111122223333,ml-platform-prod,USD,2026-04-01T00:00:00Z,2026-05-01T00:00:00Z,Usage,p4d.24xlarge Reserved compute,2026-04-03T00:00:00Z,2026-04-04T00:00:00Z,11.85,Hours,240.7402,AWS,388.2906,32.77,Reserved,11.85,Hours,AWS,AWS,us-east-1,US East (N. Virginia),i-team-a-train-001,i-team-a-train-001,p4d.24xlarge,AI and Machine Learning,Amazon Elastic Compute Cloud,p4d.24xlarge-reserved,,,"{""cost-team"": ""team-a"", ""env"": ""ml"", ""purpose"": ""training""}"
30.2325,111122223333,ml-platform-prod,USD,2026-04-01T00:00:00Z,2026-05-01T00:00:00Z,Usage,g5.2xlarge Standard compute,2026-04-03T00:00:00Z,2026-04-04T00:00:00Z,24.94,Hours,30.2325,AWS,30.2325,1.212,Standard,24.94,Hours,AWS,AWS,us-east-1,US East (N. Virginia),i-team-a-inf-001,i-team-a-inf-001,g5.2xlarge,AI and Machine Learning,Amazon Elastic Compute Cloud,g5.2xlarge-standard,,,"{""cost-team"": ""team-a"", ""env"": ""ml"", ""purpose"": ""inference""}"
24.7029,111122223333,ml-platform-prod,USD,2026-04-01T00:00:00Z,2026-05-01T00:00:00Z,Usage,g5.xlarge Standard compute,2026-04-03T00:00:00Z,2026-04-04T00:00:00Z,24.56,Hours,24.7029,AWS,24.7029,1.006,Standard,24.56,Hours,AWS,AWS,us-east-1,US East (N. Virginia),i-team-a-inf-002,i-team-a-inf-002,g5.xlarge,AI and Machine Learning,Amazon Elastic Compute Cloud,g5.xlarge-standard,,,"{""cost-team"": ""team-a"", ""env"": ""ml"", ""purpose"": ""inference""}"
14.6254,111122223333,ml-platform-prod,USD,2026-04-01T00:00:00Z,2026-05-01T00:00:00Z,Usage,g5.xlarge Standard compute,2026-04-03T00:00:00Z,2026-04-04T00:00:00Z,14.54,Hours,14.6254,AWS,14.6254,1.006,Standard,14.54,Hours,AWS,AWS,us-east-1,US East (N. Virginia),i-team-b-inf-001,i-team-b-inf-001,g5.xlarge,AI and Machine Learning,Amazon Elastic Compute Cloud,g5.xlarge-standard,,,"{""cost-team"": ""team-b"", ""env"": ""ml"", ""purpose"": ""inference""}"
2.1521,111122223333,ml-platform-prod,USD,2026-04-01T00:00:00Z,2026-05-01T00:00:00Z,Usage,g5.xlarge Spot compute,2026-04-03T00:00:00Z,2026-04-04T00:00:00Z,7.13,Hours,2.1521,AWS,7.1735,1.006,Spot,7.13,Hours,AWS,AWS,us-east-1,US East (N. Virginia),i-team-b-inf-002,i-team-b-inf-002,g5.xlarge,AI and Machine Learning,Amazon Elastic Compute Cloud,g5.xlarge-spot,,,"{""cost-team"": ""team-b"", ""env"": ""ml"", ""purpose"": ""inference""}"
35.5323,111122223333,ml-platform-prod,USD,2026-04-01T00:00:00Z,2026-05-01T00:00:00Z,Usage,g5.4xlarge Standard compute,2026-04-03T00:00:00Z,2026-04-04T00:00:00Z,21.88,Hours,35.5323,AWS,35.5323,1.624,Standard,21.88,Hours,AWS,AWS,us-east-1,US East (N. Virginia),i-research-gpu-001,i-research-gpu-001,g5.4xlarge,AI and Machine Learning,Amazon Elastic Compute Cloud,g5.4xlarge-standard,,,
1.5051,111122223333,ml-platform-prod,USD,2026-04-01T00:00:00Z,2026-05-01T00:00:00Z,Usage,m5.large Reserved compute,2026-04-03T00:00:00Z,2026-04-04T00:00:00Z,25.29,Hours,1.5051,AWS,2.4276,0.096,Reserved,25.29,Hours,AWS,AWS,us-east-1,US East (N. Virginia),i-mgmt-001,i-mgmt-001,m5.large,Compute,Amazon Elastic Compute Cloud,m5.large-reserved,,,"{""cost-team"": ""team-a"", ""env"": ""production"", ""purpose"": ""management""}"
2.966,111122223333,ml-platform-prod,USD,2026-04-01T00:00:00Z,2026-05-01T00:00:00Z,Usage,m5.xlarge Reserved compute,2026-04-03T00:00:00Z,2026-04-04T00:00:00Z,24.92,Hours,2.966,AWS,4.7838,0.192,Reserved,24.92,Hours,AWS,AWS,us-east-1,US East (N. Virginia),i-mgmt-002,i-mgmt-002,m5.xlarge,Compute,Amazon Elastic Compute Cloud,m5.xlarge-reserved,,,"{""cost-team"": ""team-b"", ""env"": ""production"", ""purpose"": ""management""}"
274.2639,111122223333,ml-platform-prod,USD,2026-04-01T00:00:00Z,2026-05-01T00:00:00Z,Usage,p4d.24xlarge Reserved compute,2026-04-04T00:00:00Z,2026-04-05T00:00:00Z,13.5,Hours,274.2639,AWS,442.3612,32.77,Reserved,13.5,Hours,AWS,AWS,us-east-1,US East (N. Virginia),i-team-a-train-001,i-team-a-train-001,p4d.24xlarge,AI and Machine Learning,Amazon Elastic Compute Cloud,p4d.24xlarge-reserved,,,"{""cost-team"": ""team-a"", ""env"": ""ml"", ""purpose"": ""training""}"
29.1374,111122223333,ml-platform-prod,USD,2026-04-01T00:00:00Z,2026-05-01T00:00:00Z,Usage,g5.2xlarge Standard compute,2026-04-04T00:00:00Z,2026-04-05T00:00:00Z,24.04,Hours,29.1374,AWS,29.1374,1.212,Standard,24.04,Hours,AWS,AWS,us-east-1,US East (N. Virginia),i-team-a-inf-001,i-team-a-inf-001,g5.2xlarge,AI and Machine Learning,Amazon Elastic Compute Cloud,g5.2xlarge-standard,,,"{""cost-team"": ""team-a"", ""env"": ""ml"", ""purpose"": ""inference""}"
22.8653,111122223333,ml-platform-prod,USD,2026-04-01T00:00:00Z,2026-05-01T00:00:00Z,Usage,g5.xlarge Standard compute,2026-04-04T00:00:00Z,2026-04-05T00:00:00Z,22.73,Hours,22.8653,AWS,22.8653,1.006,Standard,22.73,Hours,AWS,AWS,us-east-1,US East (N. Virginia),i-team-a-inf-002,i-team-a-inf-002,g5.xlarge,AI and Machine Learning,Amazon Elastic Compute Cloud,g5.xlarge-standard,,,"{""cost-team"": ""team-a"", ""env"": ""ml"", ""purpose"": ""inference""}"
13.6023,111122223333,ml-platform-prod,USD,2026-04-01T00:00:00Z,2026-05-01T00:00:00Z,Usage,g5.xlarge Standard compute,2026-04-04T00:00:00Z,2026-04-05T00:00:00Z,13.52,Hours,13.6023,AWS,13.6023,1.006,Standard,13.52,Hours,AWS,AWS,us-east-1,US East (N. Virginia),i-team-b-inf-001,i-team-b-inf-001,g5.xlarge,AI and Machine Learning,Amazon Elastic Compute Cloud,g5.xlarge-standard,,,"{""cost-team"": ""team-b"", ""env"": ""ml"", ""purpose"": ""inference""}"
2.4664,111122223333,ml-platform-prod,USD,2026-04-01T00:00:00Z,2026-05-01T00:00:00Z,Usage,g5.xlarge Spot compute,2026-04-04T00:00:00Z,2026-04-05T00:00:00Z,8.17,Hours,2.4664,AWS,8.2214,1.006,Spot,8.17,Hours,AWS,AWS,us-east-1,US East (N. Virginia),i-team-b-inf-002,i-team-b-inf-002,g5.xlarge,AI and Machine Learning,Amazon Elastic Compute Cloud,g5.xlarge-spot,,,"{""cost-team"": ""team-b"", ""env"": ""ml"", ""purpose"": ""inference""}"
30.4414,111122223333,ml-platform-prod,USD,2026-04-01T00:00:00Z,2026-05-01T00:00:00Z,Usage,g5.4xlarge Standard compute,2026-04-04T00:00:00Z,2026-04-05T00:00:00Z,18.74,Hours,30.4414,AWS,30.4414,1.624,Standard,18.74,Hours,AWS,AWS,us-east-1,US East (N. Virginia),i-research-gpu-001,i-research-gpu-001,g5.4xlarge,AI and Machine Learning,Amazon Elastic Compute Cloud,g5.4xlarge-standard,,,
1.4957,111122223333,ml-platform-prod,USD,2026-04-01T00:00:00Z,2026-05-01T00:00:00Z,Usage,m5.large Reserved compute,2026-04-04T00:00:00Z,2026-04-05T00:00:00Z,25.13,Hours,1.4957,AWS,2.4124,0.096,Reserved,25.13,Hours,AWS,AWS,us-east-1,US East (N. Virginia),i-mgmt-001,i-mgmt-001,m5.large,Compute,Amazon Elastic Compute Cloud,m5.large-reserved,,,"{""cost-team"": ""team-a"", ""env"": ""production"", ""purpose"": ""management""}"
2.9298,111122223333,ml-platform-prod,USD,2026-04-01T00:00:00Z,2026-05-01T00:00:00Z,Usage,m5.xlarge Reserved compute,2026-04-04T00:00:00Z,2026-04-05T00:00:00Z,24.61,Hours,2.9298,AWS,4.7255,0.192,Reserved,24.61,Hours,AWS,AWS,us-east-1,US East (N. Virginia),i-mgmt-002,i-mgmt-002,m5.xlarge,Compute,Amazon Elastic Compute Cloud,m5.xlarge-reserved,,,"{""cost-team"": ""team-b"", ""env"": ""production"", ""purpose"": ""management""}"
248.5279,111122223333,ml-platform-prod,USD,2026-04-01T00:00:00Z,2026-05-01T00:00:00Z,Usage,p4d.24xlarge Reserved compute,2026-04-05T00:00:00Z,2026-04-06T00:00:00Z,12.23,Hours,248.5279,AWS,400.8515,32.77,Reserved,12.23,Hours,AWS,AWS,us-east-1,US East (N. Virginia),i-team-a-train-001,i-team-a-train-001,p4d.24xlarge,AI and Machine Learning,Amazon Elastic Compute Cloud,p4d.24xlarge-reserved,,,"{""cost-team"": ""team-a"", ""env"": ""ml"", ""purpose"": ""training""}"
27.36,111122223333,ml-platform-prod,USD,2026-04-01T00:00:00Z,2026-05-01T00:00:00Z,Usage,g5.2xlarge Standard compute,2026-04-05T00:00:00Z,2026-04-06T00:00:00Z,22.57,Hours,27.36,AWS,27.36,1.212,Standard,22.57,Hours,AWS,AWS,us-east-1,US East (N. Virginia),i-team-a-inf-001,i-team-a-inf-001,g5.2xlarge,AI and Machine Learning,Amazon Elastic Compute Cloud,g5.2xlarge-standard,,,"{""cost-team"": ""team-a"", ""env"": ""ml"", ""purpose"": ""inference""}"
24.7804,111122223333,ml-platform-prod,USD,2026-04-01T00:00:00Z,2026-05-01T00:00:00Z,Usage,g5.xlarge Standard compute,2026-04-05T00:00:00Z,2026-04-06T00:00:00Z,24.63,Hours,24.7804,AWS,24.7804,1.006,Standard,24.63,Hours,AWS,AWS,us-east-1,US East (N. Virginia),i-team-a-inf-002,i-team-a-inf-002,g5.xlarge,AI and Machine Learning,Amazon Elastic Compute Cloud,g5.xlarge-standard,,,"{""cost-team"": ""team-a"", ""env"": ""ml"", ""purpose"": ""inference""}"
13.6722,111122223333,ml-platform-prod,USD,2026-04-01T00:00:00Z,2026-05-01T00:00:00Z,Usage,g5.xlarge Standard compute,2026-04-05T00:00:00Z,2026-04-06T00:00:00Z,13.59,Hours,13.6722,AWS,13.6722,1.006,Standard,13.59,Hours,AWS,AWS,us-east-1,US East (N. Virginia),i-team-b-inf-001,i-team-b-inf-001,g5.xlarge,AI and Machine Learning,Amazon Elastic Compute Cloud,g5.xlarge-standard,,,"{""cost-team"": ""team-b"", ""env"": ""ml"", ""purpose"": ""inference""}"
2.344,111122223333,ml-platform-prod,USD,2026-04-01T00:00:00Z,2026-05-01T00:00:00Z,Usage,g5.xlarge Spot compute,2026-04-05T00:00:00Z,2026-04-06T00:00:00Z,7.77,Hours,2.344,AWS,7.8133,1.006,Spot,7.77,Hours,AWS,AWS,us-east-1,US East (N. Virginia),i-team-b-inf-002,i-team-b-inf-002,g5.xlarge,AI and Machine Learning,Amazon Elastic Compute Cloud,g5.xlarge-spot,,,"{""cost-team"": ""team-b"", ""env"": ""ml"", ""purpose"": ""inference""}"
31.6912,111122223333,ml-platform-prod,USD,2026-04-01T00:00:00Z,2026-05-01T00:00:00Z,Usage,g5.4xlarge Standard compute,2026-04-05T00:00:00Z,2026-04-06T00:00:00Z,19.51,Hours,31.6912,AWS,31.6912,1.624,Standard,19.51,Hours,AWS,AWS,us-east-1,US East (N. Virginia),i-research-gpu-001,i-research-gpu-001,g5.4xlarge,AI and Machine Learning,Amazon Elastic Compute Cloud,g5.4xlarge-standard,,,
1.4282,111122223333,ml-platform-prod,USD,2026-04-01T00:00:00Z,2026-05-01T00:00:00Z,Usage,m5.large Reserved compute,2026-04-05T00:00:00Z,2026-04-06T00:00:00Z,24.0,Hours,1.4282,AWS,2.3036,0.096,Reserved,24.0,Hours,AWS,AWS,us-east-1,US East (N. Virginia),i-mgmt-001,i-mgmt-001,m5.large,Compute,Amazon Elastic Compute Cloud,m5.large-reserved,,,"{""cost-team"": ""team-a"", ""env"": ""production"", ""purpose"": ""management""}"
2.72,111122223333,ml-platform-prod,USD,2026-04-01T00:00:00Z,2026-05-01T00:00:00Z,Usage,m5.xlarge Reserved compute,2026-04-05T00:00:00Z,2026-04-06T00:00:00Z,22.85,Hours,2.72,AWS,4.3871,0.192,Reserved,22.85,Hours,AWS,AWS,us-east-1,US East (N. Virginia),i-mgmt-002,i-mgmt-002,m5.xlarge,Compute,Amazon Elastic Compute Cloud,m5.xlarge-reserved,,,"{""cost-team"": ""team-b"", ""env"": ""production"", ""purpose"": ""management""}"
244.1964,111122223333,ml-platform-prod,USD,2026-04-01T00:00:00Z,2026-05-01T00:00:00Z,Usage,p4d.24xlarge Reserved compute,2026-04-06T00:00:00Z,2026-04-07T00:00:00Z,12.02,Hours,244.1964,AWS,393.8651,32.77,Reserved,12.02,Hours,AWS,AWS,us-east-1,US East (N. Virginia),i-team-a-train-001,i-team-a-train-001,p4d.24xlarge,AI and Machine Learning,Amazon Elastic Compute Cloud,p4d.24xlarge-reserved,,,"{""cost-team"": ""team-a"", ""env"": ""ml"", ""purpose"": ""training""}"
12.2416,111122223333,ml-platform-prod,USD,2026-04-01T00:00:00Z,2026-05-01T00:00:00Z,Usage,g5.2xlarge Standard compute,2026-04-06T00:00:00Z,2026-04-07T00:00:00Z,10.1,Hours,12.2416,AWS,12.2416,1.212,Standard,10.1,Hours,AWS,AWS,us-east-1,US East (N. Virginia),i-team-a-inf-001,i-team-a-inf-001,g5.2xlarge,AI and Machine Learning,Amazon Elastic Compute Cloud,g5.2xlarge-standard,,,"{""cost-team"": ""team-a"", ""env"": ""ml"", ""purpose"": ""inference""}"
9.8591,111122223333,ml-platform-prod,USD,2026-04-01T00:00:00Z,2026-05-01T00:00:00Z,Usage,g5.xlarge Standard compute,2026-04-06T00:00:00Z,2026-04-07T00:00:00Z,9.8,Hours,9.8591,AWS,9.8591,1.006,Standard,9.8,Hours,AWS,AWS,us-east-1,US East (N. Virginia),i-team-a-inf-002,i-team-a-inf-002,g5.xlarge,AI and Machine Learning,Amazon Elastic Compute Cloud,g5.xlarge-standard,,,"{""cost-team"": ""team-a"", ""env"": ""ml"", ""purpose"": ""inference""}"
5.6156,111122223333,ml-platform-prod,USD,2026-04-01T00:00:00Z,2026-05-01T00:00:00Z,Usage,g5.xlarge Standard compute,2026-04-06T00:00:00Z,2026-04-07T00:00:00Z,5.58,Hours,5.6156,AWS,5.6156,1.006,Standard,5.58,Hours,AWS,AWS,us-east-1,US East (N. Virginia),i-team-b-inf-001,i-team-b-inf-001,g5.xlarge,AI and Machine Learning,Amazon Elastic Compute Cloud,g5.xlarge-standard,,,"{""cost-team"": ""team-b"", ""env"": ""ml"", ""purpose"": ""inference""}"
1.2173,111122223333,ml-platform-prod,USD,2026-04-01T00:00:00Z,2026-05-01T00:00:00Z,Usage,g5.xlarge Spot compute,2026-04-06T00:00:00Z,2026-04-07T00:00:00Z,4.03,Hours,1.2173,AWS,4.0577,1.006,Spot,4.03,Hours,AWS,AWS,us-east-1,US East (N. Virginia),i-team-b-inf-002,i-team-b-inf-002,g5.xlarge,AI and Machine Learning,Amazon Elastic Compute Cloud,g5.xlarge-spot,,,"{""cost-team"": ""team-b"", ""env"": ""ml"", ""purpose"": ""inference""}"
30.0762,111122223333,ml-platform-prod,USD,2026-04-01T00:00:00Z,2026-05-01T00:00:00Z,Usage,g5.4xlarge Standard compute,2026-04-06T00:00:00Z,2026-04-07T00:00:00Z,18.52,Hours,30.0762,AWS,30.0762,1.624,Standard,18.52,Hours,AWS,AWS,us-east-1,US East (N. Virginia),i-research-gpu-001,i-research-gpu-001,g5.4xlarge,AI and Machine Learning,Amazon Elastic Compute Cloud,g5.4xlarge-standard,,,
1.5046,111122223333,ml-platform-prod,USD,2026-04-01T00:00:00Z,2026-05-01T00:00:00Z,Usage,m5.large Reserved compute,2026-04-06T00:00:00Z,2026-04-07T00:00:00Z,25.28,Hours,1.5046,AWS,2.4268,0.096,Reserved,25.28,Hours,AWS,AWS,us-east-1,US East (N. Virginia),i-mgmt-001,i-mgmt-001,m5.large,Compute,Amazon Elastic Compute Cloud,m5.large-reserved,,,"{""cost-team"": ""team-a"", ""env"": ""production"", ""purpose"": ""management""}"
2.8495,111122223333,ml-platform-prod,USD,2026-04-01T00:00:00Z,2026-05-01T00:00:00Z,Usage,m5.xlarge Reserved compute,2026-04-06T00:00:00Z,2026-04-07T00:00:00Z,23.94,Hours,2.8495,AWS,4.596,0.192,Reserved,23.94,Hours,AWS,AWS,us-east-1,US East (N. Virginia),i-mgmt-002,i-mgmt-002,m5.xlarge,Compute,Amazon Elastic Compute Cloud,m5.xlarge-reserved,,,"{""cost-team"": ""team-b"", ""env"": ""production"", ""purpose"": ""management""}"
244.9051,111122223333,ml-platform-prod,USD,2026-04-01T00:00:00Z,2026-05-01T00:00:00Z,Usage,p4d.24xlarge Reserved compute,2026-04-07T00:00:00Z,2026-04-08T00:00:00Z,12.05,Hours,244.9051,AWS,395.0083,32.77,Reserved,12.05,Hours,AWS,AWS,us-east-1,US East (N. Virginia),i-team-a-train-001,i-team-a-train-001,p4d.24xlarge,AI and Machine Learning,Amazon Elastic Compute Cloud,p4d.24xlarge-reserved,,,"{""cost-team"": ""team-a"", ""env"": ""ml"", ""purpose"": ""training""}"
10.4847,111122223333,ml-platform-prod,USD,2026-04-01T00:00:00Z,2026-05-01T00:00:00Z,Usage,g5.2xlarge Standard compute,2026-04-07T00:00:00Z,2026-04-08T00:00:00Z,8.65,Hours,10.4847,AWS,10.4847,1.212,Standard,8.65,Hours,AWS,AWS,us-east-1,US East (N. Virginia),i-team-a-inf-001,i-team-a-inf-001,g5.2xlarge,AI and Machine Learning,Amazon Elastic Compute Cloud,g5.2xlarge-standard,,,"{""cost-team"": ""team-a"", ""env"": ""ml"", ""purpose"": ""inference""}"
9.1033,111122223333,ml-platform-prod,USD,2026-04-01T00:00:00Z,2026-05-01T00:00:00Z,Usage,g5.xlarge Standard compute,2026-04-07T00:00:00Z,2026-04-08T00:00:00Z,9.05,Hours,9.1033,AWS,9.1033,1.006,Standard,9.05,Hours,AWS,AWS,us-east-1,US East (N. Virginia),i-team-a-inf-002,i-team-a-inf-002,g5.xlarge,AI and Machine Learning,Amazon Elastic Compute Cloud,g5.xlarge-standard,,,"{""cost-team"": ""team-a"", ""env"": ""ml"", ""purpose"": ""inference""}"
4.8871,111122223333,ml-platform-prod,USD,2026-04-01T00:00:00Z,2026-05-01T00:00:00Z,Usage,g5.xlarge Standard compute,2026-04-07T00:00:00Z,2026-04-08T00:00:00Z,4.86,Hours,4.8871,AWS,4.8871,1.006,Standard,4.86,Hours,AWS,AWS,us-east-1,US East (N. Virginia),i-team-b-inf-001,i-team-b-inf-001,g5.xlarge,AI and Machine Learning,Amazon Elastic Compute Cloud,g5.xlarge-standard,,,"{""cost-team"": ""team-b"", ""env"": ""ml"", ""purpose"": ""inference""}"
0.6935,111122223333,ml-platform-prod,USD,2026-04-01T00:00:00Z,2026-05-01T00:00:00Z,Usage,g5.xlarge Spot compute,2026-04-07T00:00:00Z,2026-04-08T00:00:00Z,2.3,Hours,0.6935,AWS,2.3116,1.006,Spot,2.3,Hours,AWS,AWS,us-east-1,US East (N. Virginia),i-team-b-inf-002,i-team-b-inf-002,g5.xlarge,AI and Machine Learning,Amazon Elastic Compute Cloud,g5.xlarge-spot,,,"{""cost-team"": ""team-b"", ""env"": ""ml"", ""purpose"": ""inference""}"
34.6252,111122223333,ml-platform-prod,USD,2026-04-01T00:00:00Z,2026-05-01T00:00:00Z,Usage,g5.4xlarge Standard compute,2026-04-07T00:00:00Z,2026-04-08T00:00:00Z,21.32,Hours,34.6252,AWS,34.6252,1.624,Standard,21.32,Hours,AWS,AWS,us-east-1,US East (N. Virginia),i-research-gpu-001,i-research-gpu-001,g5.4xlarge,AI and Machine Learning,Amazon Elastic Compute Cloud,g5.4xlarge-standard,,,
1.3575,111122223333,ml-platform-prod,USD,2026-04-01T00:00:00Z,2026-05-01T00:00:00Z,Usage,m5.large Reserved compute,2026-04-07T00:00:00Z,2026-04-08T00:00:00Z,22.81,Hours,1.3575,AWS,2.1895,0.096,Reserved,22.81,Hours,AWS,AWS,us-east-1,US East (N. Virginia),i-mgmt-001,i-mgmt-001,m5.large,Compute,Amazon Elastic Compute Cloud,m5.large-reserved,,,"{""cost-team"": ""team-a"", ""env"": ""production"", ""purpose"": ""management""}"
2.9007,111122223333,ml-platform-prod,USD,2026-04-01T00:00:00Z,2026-05-01T00:00:00Z,Usage,m5.xlarge Reserved compute,2026-04-07T00:00:00Z,2026-04-08T00:00:00Z,24.37,Hours,2.9007,AWS,4.6785,0.192,Reserved,24.37,Hours,AWS,AWS,us-east-1,US East (N. Virginia),i-mgmt-002,i-mgmt-002,m5.xlarge,Compute,Amazon Elastic Compute Cloud,m5.xlarge-reserved,,,"{""cost-team"": ""team-b"", ""env"": ""production"", ""purpose"": ""management""}"
241.9827,111122223333,ml-platform-prod,USD,2026-04-01T00:00:00Z,2026-05-01T00:00:00Z,Usage,p4d.24xlarge Reserved compute,2026-04-08T00:00:00Z,2026-04-09T00:00:00Z,11.91,Hours,241.9827,AWS,390.2947,32.77,Reserved,11.91,Hours,AWS,AWS,us-east-1,US East (N. Virginia),i-team-a-train-001,i-team-a-train-001,p4d.24xlarge,AI and Machine Learning,Amazon Elastic Compute Cloud,p4d.24xlarge-reserved,,,"{""cost-team"": ""team-a"", ""env"": ""ml"", ""purpose"": ""training""}"
29.023,111122223333,ml-platform-prod,USD,2026-04-01T00:00:00Z,2026-05-01T00:00:00Z,Usage,g5.2xlarge Standard compute,2026-04-08T00:00:00Z,2026-04-09T00:00:00Z,23.95,Hours,29.023,AWS,29.023,1.212,Standard,23.95,Hours,AWS,AWS,us-east-1,US East (N. Virginia),i-team-a-inf-001,i-team-a-inf-001,g5.2xlarge,AI and Machine Learning,Amazon Elastic Compute Cloud,g5.2xlarge-standard,,,"{""cost-team"": ""team-a"", ""env"": ""ml"", ""purpose"": ""inference""}"
23.3259,111122223333,ml-platform-prod,USD,2026-04-01T00:00:00Z,2026-05-01T00:00:00Z,Usage,g5.xlarge Standard compute,2026-04-08T00:00:00Z,2026-04-09T00:00:00Z,23.19,Hours,23.3259,AWS,23.3259,1.006,Standard,23.19,Hours,AWS,AWS,us-east-1,US East (N. Virginia),i-team-a-inf-002,i-team-a-inf-002,g5.xlarge,AI and Machine Learning,Amazon Elastic Compute Cloud,g5.xlarge-standard,,,"{""cost-team"": ""team-a"", ""env"": ""ml"", ""purpose"": ""inference""}"
15.2487,111122223333,ml-platform-prod,USD,2026-04-01T00:00:00Z,2026-05-01T00:00:00Z,Usage,g5.xlarge Standard compute,2026-04-08T00:00:00Z,2026-04-09T00:00:00Z,15.16,Hours,15.2487,AWS,15.2487,1.006,Standard,15.16,Hours,AWS,AWS,us-east-1,US East (N. Virginia),i-team-b-inf-001,i-team-b-inf-001,g5.xlarge,AI and Machine Learning,Amazon Elastic Compute Cloud,g5.xlarge-standard,,,"{""cost-team"": ""team-b"", ""env"": ""ml"", ""purpose"": ""inference""}"
2.5291,111122223333,ml-platform-prod,USD,2026-04-01T00:00:00Z,2026-05-01T00:00:00Z,Usage,g5.xlarge Spot compute,2026-04-08T00:00:00Z,2026-04-09T00:00:00Z,8.38,Hours,2.5291,AWS,8.4303,1.006,Spot,8.38,Hours,AWS,AWS,us-east-1,US East (N. Virginia),i-team-b-inf-002,i-team-b-inf-002,g5.xlarge,AI and Machine Learning,Amazon Elastic Compute Cloud,g5.xlarge-spot,,,"{""cost-team"": ""team-b"", ""env"": ""ml"", ""purpose"": ""inference""}"
30.5579,111122223333,ml-platform-prod,USD,2026-04-01T00:00:00Z,2026-05-01T00:00:00Z,Usage,g5.4xlarge Standard compute,2026-04-08T00:00:00Z,2026-04-09T00:00:00Z,18.82,Hours,30.5579,AWS,30.5579,1.624,Standard,18.82,Hours,AWS,AWS,us-east-1,US East (N. Virginia),i-research-gpu-001,i-research-gpu-001,g5.4xlarge,AI and Machine Learning,Amazon Elastic Compute Cloud,g5.4xlarge-standard,,,
1.5052,111122223333,ml-platform-prod,USD,2026-04-01T00:00:00Z,2026-05-01T00:00:00Z,Usage,m5.large Reserved compute,2026-04-08T00:00:00Z,2026-04-09T00:00:00Z,25.29,Hours,1.5052,AWS,2.4277,0.096,Reserved,25.29,Hours,AWS,AWS,us-east-1,US East (N. Virginia),i-mgmt-001,i-mgmt-001,m5.large,Compute,Amazon Elastic Compute Cloud,m5.large-reserved,,,"{""cost-team"": ""team-a"", ""env"": ""production"", ""purpose"": ""management""}"
3.0309,111122223333,ml-platform-prod,USD,2026-04-01T00:00:00Z,2026-05-01T00:00:00Z,Usage,m5.xlarge Reserved compute,2026-04-08T00:00:00Z,2026-04-09T00:00:00Z,25.46,Hours,3.0309,AWS,4.8886,0.192,Reserved,25.46,Hours,AWS,AWS,us-east-1,US East (N. Virginia),i-mgmt-002,i-mgmt-002,m5.xlarge,Compute,Amazon Elastic Compute Cloud,m5.xlarge-reserved,,,"{""cost-team"": ""team-b"", ""env"": ""production"", ""purpose"": ""management""}"
246.5902,111122223333,ml-platform-prod,USD,2026-04-01T00:00:00Z,2026-05-01T00:00:00Z,Usage,p4d.24xlarge Reserved compute,2026-04-09T00:00:00Z,2026-04-10T00:00:00Z,12.14,Hours,246.5902,AWS,397.7261,32.77,Reserved,12.14,Hours,AWS,AWS,us-east-1,US East (N. Virginia),i-team-a-train-001,i-team-a-train-001,p4d.24xlarge,AI and Machine Learning,Amazon Elastic Compute Cloud,p4d.24xlarge-reserved,,,"{""cost-team"": ""team-a"", ""env"": ""ml"", ""purpose"": ""training""}"
29.3054,111122223333,ml-platform-prod,USD,2026-04-01T00:00:00Z,2026-05-01T00:00:00Z,Usage,g5.2xlarge Standard compute,2026-04-09T00:00:00Z,2026-04-10T00:00:00Z,24.18,Hours,29.3054,AWS,29.3054,1.212,Standard,24.18,Hours,AWS,AWS,us-east-1,US East (N. Virginia),i-team-a-inf-001,i-team-a-inf-001,g5.2xlarge,AI and Machine Learning,Amazon Elastic Compute Cloud,g5.2xlarge-standard,,,"{""cost-team"": ""team-a"", ""env"": ""ml"", ""purpose"": ""inference""}"
24.6563,111122223333,ml-platform-prod,USD,2026-04-01T00:00:00Z,2026-05-01T00:00:00Z,Usage,g5.xlarge Standard compute,2026-04-09T00:00:00Z,2026-04-10T00:00:00Z,24.51,Hours,24.6563,AWS,24.6563,1.006,Standard,24.51,Hours,AWS,AWS,us-east-1,US East (N. Virginia),i-team-a-inf-002,i-team-a-inf-002,g5.xlarge,AI and Machine Learning,Amazon Elastic Compute Cloud,g5.xlarge-standard,,,"{""cost-team"": ""team-a"", ""env"": ""ml"", ""purpose"": ""inference""}"
13.5034,111122223333,ml-platform-prod,USD,2026-04-01T00:00:00Z,2026-05-01T00:00:00Z,Usage,g5.xlarge Standard compute,2026-04-09T00:00:00Z,2026-04-10T00:00:00Z,13.42,Hours,13.5034,AWS,13.5034,1.006,Standard,13.42,Hours,AWS,AWS,us-east-1,US East (N. Virginia),i-team-b-inf-001,i-team-b-inf-001,g5.xlarge,AI and Machine Learning,Amazon Elastic Compute Cloud,g5.xlarge-standard,,,"{""cost-team"": ""team-b"", ""env"": ""ml"", ""purpose"": ""inference""}"
2.6858,111122223333,ml-platform-prod,USD,2026-04-01T00:00:00Z,2026-05-01T00:00:00Z,Usage,g5.xlarge Spot compute,2026-04-09T00:00:00Z,2026-04-10T00:00:00Z,8.9,Hours,2.6858,AWS,8.9528,1.006,Spot,8.9,Hours,AWS,AWS,us-east-1,US East (N. Virginia),i-team-b-inf-002,i-team-b-inf-002,g5.xlarge,AI and Machine Learning,Amazon Elastic Compute Cloud,g5.xlarge-spot,,,"{""cost-team"": ""team-b"", ""env"": ""ml"", ""purpose"": ""inference""}"
30.6503,111122223333,ml-platform-prod,USD,2026-04-01T00:00:00Z,2026-05-01T00:00:00Z,Usage,g5.4xlarge Standard compute,2026-04-09T00:00:00Z,2026-04-10T00:00:00Z,18.87,Hours,30.6503,AWS,30.6503,1.624,Standard,18.87,Hours,AWS,AWS,us-east-1,US East (N. Virginia),i-research-gpu-001,i-research-gpu-001,g5.4xlarge,AI and Machine Learning,Amazon Elastic Compute Cloud,g5.4xlarge-standard,,,
1.4971,111122223333,ml-platform-prod,USD,2026-04-01T00:00:00Z,2026-05-01T00:00:00Z,Usage,m5.large Reserved compute,2026-04-09T00:00:00Z,2026-04-10T00:00:00Z,25.15,Hours,1.4971,AWS,2.4147,0.096,Reserved,25.15,Hours,AWS,AWS,us-east-1,US East (N. Virginia),i-mgmt-001,i-mgmt-001,m5.large,Compute,Amazon Elastic Compute Cloud,m5.large-reserved,,,"{""cost-team"": ""team-a"", ""env"": ""production"", ""purpose"": ""management""}"
2.833,111122223333,ml-platform-prod,USD,2026-04-01T00:00:00Z,2026-05-01T00:00:00Z,Usage,m5.xlarge Reserved compute,2026-04-09T00:00:00Z,2026-04-10T00:00:00Z,23.8,Hours,2.833,AWS,4.5694,0.192,Reserved,23.8,Hours,AWS,AWS,us-east-1,US East (N. Virginia),i-mgmt-002,i-mgmt-002,m5.xlarge,Compute,Amazon Elastic Compute Cloud,m5.xlarge-reserved,,,"{""cost-team"": ""team-b"", ""env"": ""production"", ""purpose"": ""management""}"
231.2754,111122223333,ml-platform-prod,USD,2026-04-01T00:00:00Z,2026-05-01T00:00:00Z,Usage,p4d.24xlarge Reserved compute,2026-04-10T00:00:00Z,2026-04-11T00:00:00Z,11.38,Hours,231.2754,AWS,373.0249,32.77,Reserved,11.38,Hours,AWS,AWS,us-east-1,US East (N. Virginia),i-team-a-train-001,i-team-a-train-001,p4d.24xlarge,AI and Machine Learning,Amazon Elastic Compute Cloud,p4d.24xlarge-reserved,,,"{""cost-team"": ""team-a"", ""env"": ""ml"", ""purpose"": ""training""}"
28.2482,111122223333,ml-platform-prod,USD,2026-04-01T00:00:00Z,2026-05-01T00:00:00Z,Usage,g5.2xlarge Standard compute,2026-04-10T00:00:00Z,2026-04-11T00:00:00Z,23.31,Hours,28.2482,AWS,28.2482,1.212,Standard,23.31,Hours,AWS,AWS,us-east-1,US East (N. Virginia),i-team-a-inf-001,i-team-a-inf-001,g5.2xlarge,AI and Machine Learning,Amazon Elastic Compute Cloud,g5.2xlarge-standard,,,"{""cost-team"": ""team-a"", ""env"": ""ml"", ""purpose"": ""inference""}"
22.7349,111122223333,ml-platform-prod,USD,2026-04-01T00:00:00Z,2026-05-01T00:00:00Z,Usage,g5.xlarge Standard compute,2026-04-10T00:00:00Z,2026-04-11T00:00:00Z,22.6,Hours,22.7349,AWS,22.7349,1.006,Standard,22.6,Hours,AWS,AWS,us-east-1,US East (N. Virginia),i-team-a-inf-002,i-team-a-inf-002,g5.xlarge,AI and Machine Learning,Amazon Elastic Compute Cloud,g5.xlarge-standard,,,"{""cost-team"": ""team-a"", ""env"": ""ml"", ""purpose"": ""inference""}"
14.5537,111122223333,ml-platform-prod,USD,2026-04-01T00:00:00Z,2026-05-01T00:00:00Z,Usage,g5.xlarge Standard compute,2026-04-10T00:00:00Z,2026-04-11T00:00:00Z,14.47,Hours,14.5537,AWS,14.5537,1.006,Standard,14.47,Hours,AWS,AWS,us-east-1,US East (N. Virginia),i-team-b-inf-001,i-team-b-inf-001,g5.xlarge,AI and Machine Learning,Amazon Elastic Compute Cloud,g5.xlarge-standard,,,"{""cost-team"": ""team-b"", ""env"": ""ml"", ""purpose"": ""inference""}"
2.5025,111122223333,ml-platform-prod,USD,2026-04-01T00:00:00Z,2026-05-01T00:00:00Z,Usage,g5.xlarge Spot compute,2026-04-10T00:00:00Z,2026-04-11T00:00:00Z,8.29,Hours,2.5025,AWS,8.3416,1.006,Spot,8.29,Hours,AWS,AWS,us-east-1,US East (N. Virginia),i-team-b-inf-002,i-team-b-inf-002,g5.xlarge,AI and Machine Learning,Amazon Elastic Compute Cloud,g5.xlarge-spot,,,"{""cost-team"": ""team-b"", ""env"": ""ml"", ""purpose"": ""inference""}"
31.079,111122223333,ml-platform-prod,USD,2026-04-01T00:00:00Z,2026-05-01T00:00:00Z,Usage,g5.4xlarge Standard compute,2026-04-10T00:00:00Z,2026-04-11T00:00:00Z,19.14,Hours,31.079,AWS,31.079,1.624,Standard,19.14,Hours,AWS,AWS,us-east-1,US East (N. Virginia),i-research-gpu-001,i-research-gpu-001,g5.4xlarge,AI and Machine Learning,Amazon Elastic Compute Cloud,g5.4xlarge-standard,,,
1.4266,111122223333,ml-platform-prod,USD,2026-04-01T00:00:00Z,2026-05-01T00:00:00Z,Usage,m5.large Reserved compute,2026-04-10T00:00:00Z,2026-04-11T00:00:00Z,23.97,Hours,1.4266,AWS,2.301,0.096,Reserved,23.97,Hours,AWS,AWS,us-east-1,US East (N. Virginia),i-mgmt-001,i-mgmt-001,m5.large,Compute,Amazon Elastic Compute Cloud,m5.large-reserved,,,"{""cost-team"": ""team-a"", ""env"": ""production"", ""purpose"": ""management""}"
3.0075,111122223333,ml-platform-prod,USD,2026-04-01T00:00:00Z,2026-05-01T00:00:00Z,Usage,m5.xlarge Reserved compute,2026-04-10T00:00:00Z,2026-04-11T00:00:00Z,25.26,Hours,3.0075,AWS,4.8508,0.192,Reserved,25.26,Hours,AWS,AWS,us-east-1,US East (N. Virginia),i-mgmt-002,i-mgmt-002,m5.xlarge,Compute,Amazon Elastic Compute Cloud,m5.xlarge-reserved,,,"{""cost-team"": ""team-b"", ""env"": ""production"", ""purpose"": ""management""}"
229.187,111122223333,ml-platform-prod,USD,2026-04-01T00:00:00Z,2026-05-01T00:00:00Z,Usage,p4d.24xlarge Reserved compute,2026-04-11T00:00:00Z,2026-04-12T00:00:00Z,11.28,Hours,229.187,AWS,369.6565,32.77,Reserved,11.28,Hours,AWS,AWS,us-east-1,US East (N. Virginia),i-team-a-train-001,i-team-a-train-001,p4d.24xlarge,AI and Machine Learning,Amazon Elastic Compute Cloud,p4d.24xlarge-reserved,,,"{""cost-team"": ""team-a"", ""env"": ""ml"", ""purpose"": ""training""}"
29.0355,111122223333,ml-platform-prod,USD,2026-04-01T00:00:00Z,2026-05-01T00:00:00Z,Usage,g5.2xlarge Standard compute,2026-04-11T00:00:00Z,2026-04-12T00:00:00Z,23.96,Hours,29.0355,AWS,29.0355,1.212,Standard,23.96,Hours,AWS,AWS,us-east-1,US East (N. Virginia),i-team-a-inf-001,i-team-a-inf-001,g5.2xlarge,AI and Machine Learning,Amazon Elastic Compute Cloud,g5.2xlarge-standard,,,"{""cost-team"": ""team-a"", ""env"": ""ml"", ""purpose"": ""inference""}"
24.178,111122223333,ml-platform-prod,USD,2026-04-01T00:00:00Z,2026-05-01T00:00:00Z,Usage,g5.xlarge Standard compute,2026-04-11T00:00:00Z,2026-04-12T00:00:00Z,24.03,Hours,24.178,AWS,24.178,1.006,Standard,24.03,Hours,AWS,AWS,us-east-1,US East (N. Virginia),i-team-a-inf-002,i-team-a-inf-002,g5.xlarge,AI and Machine Learning,Amazon Elastic Compute Cloud,g5.xlarge-standard,,,"{""cost-team"": ""team-a"", ""env"": ""ml"", ""purpose"": ""inference""}"
15.0684,111122223333,ml-platform-prod,USD,2026-04-01T00:00:00Z,2026-05-01T00:00:00Z,Usage,g5.xlarge Standard compute,2026-04-11T00:00:00Z,2026-04-12T00:00:00Z,14.98,Hours,15.0684,AWS,15.0684,1.006,Standard,14.98,Hours,AWS,AWS,us-east-1,US East (N. Virginia),i-team-b-inf-001,i-team-b-inf-001,g5.xlarge,AI and Machine Learning,Amazon Elastic Compute Cloud,g5.xlarge-standard,,,"{""cost-team"": ""team-b"", ""env"": ""ml"", ""purpose"": ""inference""}"
2.6932,111122223333,ml-platform-prod,USD,2026-04-01T00:00:00Z,2026-05-01T00:00:00Z,Usage,g5.xlarge Spot compute,2026-04-11T00:00:00Z,2026-04-12T00:00:00Z,8.92,Hours,2.6932,AWS,8.9774,1.006,Spot,8.92,Hours,AWS,AWS,us-east-1,US East (N. Virginia),i-team-b-inf-002,i-team-b-inf-002,g5.xlarge,AI and Machine Learning,Amazon Elastic Compute Cloud,g5.xlarge-spot,,,"{""cost-team"": ""team-b"", ""env"": ""ml"", ""purpose"": ""inference""}"
34.8244,111122223333,ml-platform-prod,USD,2026-04-01T00:00:00Z,2026-05-01T00:00:00Z,Usage,g5.4xlarge Standard compute,2026-04-11T00:00:00Z,2026-04-12T00:00:00Z,21.44,Hours,34.8244,AWS,34.8244,1.624,Standard,21.44,Hours,AWS,AWS,us-east-1,US East (N. Virginia),i-research-gpu-001,i-research-gpu-001,g5.4xlarge,AI and Machine Learning,Amazon Elastic Compute Cloud,g5.4xlarge-standard,,,
1.4876,111122223333,ml-platform-prod,USD,2026-04-01T00:00:00Z,2026-05-01T00:00:00Z,Usage,m5.large Reserved compute,2026-04-11T00:00:00Z,2026-04-12T00:00:00Z,24.99,Hours,1.4876,AWS,2.3994,0.096,Reserved,24.99,Hours,AWS,AWS,us-east-1,US East (N. Virginia),i-mgmt-001,i-mgmt-001,m5.large,Compute,Amazon Elastic Compute Cloud,m5.large-reserved,,,"{""cost-team"": ""team-a"", ""env"": ""production"", ""purpose"": ""management""}"
2.7915,111122223333,ml-platform-prod,USD,2026-04-01T00:00:00Z,2026-05-01T00:00:00Z,Usage,m5.xlarge Reserved compute,2026-04-11T00:00:00Z,2026-04-12T00:00:00Z,23.45,Hours,2.7915,AWS,4.5024,0.192,Reserved,23.45,Hours,AWS,AWS,us-east-1,US East (N. Virginia),i-mgmt-002,i-mgmt-002,m5.xlarge,Compute,Amazon Elastic Compute Cloud,m5.xlarge-reserved,,,"{""cost-team"": ""team-b"", ""env"": ""production"", ""purpose"": ""management""}"
269.2144,111122223333,ml-platform-prod,USD,2026-04-01T00:00:00Z,2026-05-01T00:00:00Z,Usage,p4d.24xlarge Reserved compute,2026-04-12T00:00:00Z,2026-04-13T00:00:00Z,13.25,Hours,269.2144,AWS,434.2168,32.77,Reserved,13.25,Hours,AWS,AWS,us-east-1,US East (N. Virginia),i-team-a-train-001,i-team-a-train-001,p4d.24xlarge,AI and Machine Learning,Amazon Elastic Compute Cloud,p4d.24xlarge-reserved,,,"{""cost-team"": ""team-a"", ""env"": ""ml"", ""purpose"": ""training""}"
27.6277,111122223333,ml-platform-prod,USD,2026-04-01T00:00:00Z,2026-05-01T00:00:00Z,Usage,g5.2xlarge Standard compute,2026-04-12T00:00:00Z,2026-04-13T00:00:00Z,22.8,Hours,27.6277,AWS,27.6277,1.212,Standard,22.8,Hours,AWS,AWS,us-east-1,US East (N. Virginia),i-team-a-inf-001,i-team-a-inf-001,g5.2xlarge,AI and Machine Learning,Amazon Elastic Compute Cloud,g5.2xlarge-standard,,,"{""cost-team"": ""team-a"", ""env"": ""ml"", ""purpose"": ""inference""}"
24.7154,111122223333,ml-platform-prod,USD,2026-04-01T00:00:00Z,2026-05-01T00:00:00Z,Usage,g5.xlarge Standard compute,2026-04-12T00:00:00Z,2026-04-13T00:00:00Z,24.57,Hours,24.7154,AWS,24.7154,1.006,Standard,24.57,Hours,AWS,AWS,us-east-1,US East (N. Virginia),i-team-a-inf-002,i-team-a-inf-002,g5.xlarge,AI and Machine Learning,Amazon Elastic Compute Cloud,g5.xlarge-standard,,,"{""cost-team"": ""team-a"", ""env"": ""ml"", ""purpose"": ""inference""}"
14.9444,111122223333,ml-platform-prod,USD,2026-04-01T00:00:00Z,2026-05-01T00:00:00Z,Usage,g5.xlarge Standard compute,2026-04-12T00:00:00Z,2026-04-13T00:00:00Z,14.86,Hours,14.9444,AWS,14.9444,1.006,Standard,14.86,Hours,AWS,AWS,us-east-1,US East (N. Virginia),i-team-b-inf-001,i-team-b-inf-001,g5.xlarge,AI and Machine Learning,Amazon Elastic Compute Cloud,g5.xlarge-standard,,,"{""cost-team"": ""team-b"", ""env"": ""ml"", ""purpose"": ""inference""}"
2.4281,111122223333,ml-platform-prod,USD,2026-04-01T00:00:00Z,2026-05-01T00:00:00Z,Usage,g5.xlarge Spot compute,2026-04-12T00:00:00Z,2026-04-13T00:00:00Z,8.05,Hours,2.4281,AWS,8.0938,1.006,Spot,8.05,Hours,AWS,AWS,us-east-1,US East (N. Virginia),i-team-b-inf-002,i-team-b-inf-002,g5.xlarge,AI and Machine Learning,Amazon Elastic Compute Cloud,g5.xlarge-spot,,,"{""cost-team"": ""team-b"", ""env"": ""ml"", ""purpose"": ""inference""}"
35.3896,111122223333,ml-platform-prod,USD,2026-04-01T00:00:00Z,2026-05-01T00:00:00Z,Usage,g5.4xlarge Standard compute,2026-04-12T00:00:00Z,2026-04-13T00:00:00Z,21.79,Hours,35.3896,AWS,35.3896,1.624,Standard,21.79,Hours,AWS,AWS,us-east-1,US East (N. Virginia),i-research-gpu-001,i-research-gpu-001,g5.4xlarge,AI and Machine Learning,Amazon Elastic Compute Cloud,g5.4xlarge-standard,,,
1.5119,111122223333,ml-platform-prod,USD,2026-04-01T00:00:00Z,2026-05-01T00:00:00Z,Usage,m5.large Reserved compute,2026-04-12T00:00:00Z,2026-04-13T00:00:00Z,25.4,Hours,1.5119,AWS,2.4386,0.096,Reserved,25.4,Hours,AWS,AWS,us-east-1,US East (N. Virginia),i-mgmt-001,i-mgmt-001,m5.large,Compute,Amazon Elastic Compute Cloud,m5.large-reserved,,,"{""cost-team"": ""team-a"", ""env"": ""production"", ""purpose"": ""management""}"
2.9792,111122223333,ml-platform-prod,USD,2026-04-01T00:00:00Z,2026-05-01T00:00:00Z,Usage,m5.xlarge Reserved compute,2026-04-12T00:00:00Z,2026-04-13T00:00:00Z,25.03,Hours,2.9792,AWS,4.8052,0.192,Reserved,25.03,Hours,AWS,AWS,us-east-1,US East (N. Virginia),i-mgmt-002,i-mgmt-002,m5.xlarge,Compute,Amazon Elastic Compute Cloud,m5.xlarge-reserved,,,"{""cost-team"": ""team-b"", ""env"": ""production"", ""purpose"": ""management""}"
242.5377,111122223333,ml-platform-prod,USD,2026-04-01T00:00:00Z,2026-05-01T00:00:00Z,Usage,p4d.24xlarge Reserved compute,2026-04-13T00:00:00Z,2026-04-14T00:00:00Z,11.94,Hours,242.5377,AWS,391.1899,32.77,Reserved,11.94,Hours,AWS,AWS,us-east-1,US East (N. Virginia),i-team-a-train-001,i-team-a-train-001,p4d.24xlarge,AI and Machine Learning,Amazon Elastic Compute Cloud,p4d.24xlarge-reserved,,,"{""cost-team"": ""team-a"", ""env"": ""ml"", ""purpose"": ""training""}"
10.5791,111122223333,ml-platform-prod,USD,2026-04-01T00:00:00Z,2026-05-01T00:00:00Z,Usage,g5.2xlarge Standard compute,2026-04-13T00:00:00Z,2026-04-14T00:00:00Z,8.73,Hours,10.5791,AWS,10.5791,1.212,Standard,8.73,Hours,AWS,AWS,us-east-1,US East (N. Virginia),i-team-a-inf-001,i-team-a-inf-001,g5.2xlarge,AI and Machine Learning,Amazon Elastic Compute Cloud,g5.2xlarge-standard,,,"{""cost-team"": ""team-a"", ""env"": ""ml"", ""purpose"": ""inference""}"
9.1877,111122223333,ml-platform-prod,USD,2026-04-01T00:00:00Z,2026-05-01T00:00:00Z,Usage,g5.xlarge Standard compute,2026-04-13T00:00:00Z,2026-04-14T00:00:00Z,9.13,Hours,9.1877,AWS,9.1877,1.006,Standard,9.13,Hours,AWS,AWS,us-east-1,US East (N. Virginia),i-team-a-inf-002,i-team-a-inf-002,g5.xlarge,AI and Machine Learning,Amazon Elastic Compute Cloud,g5.xlarge-standard,,,"{""cost-team"": ""team-a"", ""env"": ""ml"", ""purpose"": ""inference""}"
5.6304,111122223333,ml-platform-prod,USD,2026-04-01T00:00:00Z,2026-05-01T00:00:00Z,Usage,g5.xlarge Standard compute,2026-04-13T00:00:00Z,2026-04-14T00:00:00Z,5.6,Hours,5.6304,AWS,5.6304,1.006,Standard,5.6,Hours,AWS,AWS,us-east-1,US East (N. Virginia),i-team-b-inf-001,i-team-b-inf-001,g5.xlarge,AI and Machine Learning,Amazon Elastic Compute Cloud,g5.xlarge-standard,,,"{""cost-team"": ""team-b"", ""env"": ""ml"", ""purpose"": ""inference""}"
0.7223,111122223333,ml-platform-prod,USD,2026-04-01T00:00:00Z,2026-05-01T00:00:00Z,Usage,g5.xlarge Spot compute,2026-04-13T00:00:00Z,2026-04-14T00:00:00Z,2.39,Hours,0.7223,AWS,2.4077,1.006,Spot,2.39,Hours,AWS,AWS,us-east-1,US East (N. Virginia),i-team-b-inf-002,i-team-b-inf-002,g5.xlarge,AI and Machine Learning,Amazon Elastic Compute Cloud,g5.xlarge-spot,,,"{""cost-team"": ""team-b"", ""env"": ""ml"", ""purpose"": ""inference""}"
29.9918,111122223333,ml-platform-prod,USD,2026-04-01T00:00:00Z,2026-05-01T00:00:00Z,Usage,g5.4xlarge Standard compute,2026-04-13T00:00:00Z,2026-04-14T00:00:00Z,18.47,Hours,29.9918,AWS,29.9918,1.624,Standard,18.47,Hours,AWS,AWS,us-east-1,US East (N. Virginia),i-research-gpu-001,i-research-gpu-001,g5.4xlarge,AI and Machine Learning,Amazon Elastic Compute Cloud,g5.4xlarge-standard,,,
1.4194,111122223333,ml-platform-prod,USD,2026-04-01T00:00:00Z,2026-05-01T00:00:00Z,Usage,m5.large Reserved compute,2026-04-13T00:00:00Z,2026-04-14T00:00:00Z,23.85,Hours,1.4194,AWS,2.2894,0.096,Reserved,23.85,Hours,AWS,AWS,us-east-1,US East (N. Virginia),i-mgmt-001,i-mgmt-001,m5.large,Compute,Amazon Elastic Compute Cloud,m5.large-reserved,,,"{""cost-team"": ""team-a"", ""env"": ""production"", ""purpose"": ""management""}"
2.6834,111122223333,ml-platform-prod,USD,2026-04-01T00:00:00Z,2026-05-01T00:00:00Z,Usage,m5.xlarge Reserved compute,2026-04-13T00:00:00Z,2026-04-14T00:00:00Z,22.54,Hours,2.6834,AWS,4.3281,0.192,Reserved,22.54,Hours,AWS,AWS,us-east-1,US East (N. Virginia),i-mgmt-002,i-mgmt-002,m5.xlarge,Compute,Amazon Elastic Compute Cloud,m5.xlarge-reserved,,,"{""cost-team"": ""team-b"", ""env"": ""production"", ""purpose"": ""management""}"
213.3457,111122223333,ml-platform-prod,USD,2026-04-01T00:00:00Z,2026-05-01T00:00:00Z,Usage,p4d.24xlarge Reserved compute,2026-04-14T00:00:00Z,2026-04-15T00:00:00Z,10.5,Hours,213.3457,AWS,344.106,32.77,Reserved,10.5,Hours,AWS,AWS,us-east-1,US East (N. Virginia),i-team-a-train-001,i-team-a-train-001,p4d.24xlarge,AI and Machine Learning,Amazon Elastic Compute Cloud,p4d.24xlarge-reserved,,,"{""cost-team"": ""team-a"", ""env"": ""ml"", ""purpose"": ""training""}"
11.8307,111122223333,ml-platform-prod,USD,2026-04-01T00:00:00Z,2026-05-01T00:00:00Z,Usage,g5.2xlarge Standard compute,2026-04-14T00:00:00Z,2026-04-15T00:00:00Z,9.76,Hours,11.8307,AWS,11.8307,1.212,Standard,9.76,Hours,AWS,AWS,us-east-1,US East (N. Virginia),i-team-a-inf-001,i-team-a-inf-001,g5.2xlarge,AI and Machine Learning,Amazon Elastic Compute Cloud,g5.2xlarge-standard,,,"{""cost-team"": ""team-a"", ""env"": ""ml"", ""purpose"": ""inference""}"
10.5271,111122223333,ml-platform-prod,USD,2026-04-01T00:00:00Z,2026-05-01T00:00:00Z,Usage,g5.xlarge Standard compute,2026-04-14T00:00:00Z,2026-04-15T00:00:00Z,10.46,Hours,10.5271,AWS,10.5271,1.006,Standard,10.46,Hours,AWS,AWS,us-east-1,US East (N. Virginia),i-team-a-inf-002,i-team-a-inf-002,g5.xlarge,AI and Machine Learning,Amazon Elastic Compute Cloud,g5.xlarge-standard,,,"{""cost-team"": ""team-a"", ""env"": ""ml"", ""purpose"": ""inference""}"
4.7947,111122223333,ml-platform-prod,USD,2026-04-01T00:00:00Z,2026-05-01T00:00:00Z,Usage,g5.xlarge Standard compute,2026-04-14T00:00:00Z,2026-04-15T00:00:00Z,4.77,Hours,4.7947,AWS,4.7947,1.006,Standard,4.77,Hours,AWS,AWS,us-east-1,US East (N. Virginia),i-team-b-inf-001,i-team-b-inf-001,g5.xlarge,AI and Machine Learning,Amazon Elastic Compute Cloud,g5.xlarge-standard,,,"{""cost-team"": ""team-b"", ""env"": ""ml"", ""purpose"": ""inference""}"
1.1431,111122223333,ml-platform-prod,USD,2026-04-01T00:00:00Z,2026-05-01T00:00:00Z,Usage,g5.xlarge Spot compute,2026-04-14T00:00:00Z,2026-04-15T00:00:00Z,3.79,Hours,1.1431,AWS,3.8103,1.006,Spot,3.79,Hours,AWS,AWS,us-east-1,US East (N. Virginia),i-team-b-inf-002,i-team-b-inf-002,g5.xlarge,AI and Machine Learning,Amazon Elastic Compute Cloud,g5.xlarge-spot,,,"{""cost-team"": ""team-b"", ""env"": ""ml"", ""purpose"": ""inference""}"
32.0358,111122223333,ml-platform-prod,USD,2026-04-01T00:00:00Z,2026-05-01T00:00:00Z,Usage,g5.4xlarge Standard compute,2026-04-14T00:00:00Z,2026-04-15T00:00:00Z,19.73,Hours,32.0358,AWS,32.0358,1.624,Standard,19.73,Hours,AWS,AWS,us-east-1,US East (N. Virginia),i-research-gpu-001,i-research-gpu-001,g5.4xlarge,AI and Machine Learning,Amazon Elastic Compute Cloud,g5.4xlarge-standard,,,
1.4734,111122223333,ml-platform-prod,USD,2026-04-01T00:00:00Z,2026-05-01T00:00:00Z,Usage,m5.large Reserved compute,2026-04-14T00:00:00Z,2026-04-15T00:00:00Z,24.76,Hours,1.4734,AWS,2.3765,0.096,Reserved,24.76,Hours,AWS,AWS,us-east-1,US East (N. Virginia),i-mgmt-001,i-mgmt-001,m5.large,Compute,Amazon Elastic Compute Cloud,m5.large-reserved,,,"{""cost-team"": ""team-a"", ""env"": ""production"", ""purpose"": ""management""}"
3.02,111122223333,ml-platform-prod,USD,2026-04-01T00:00:00Z,2026-05-01T00:00:00Z,Usage,m5.xlarge Reserved compute,2026-04-14T00:00:00Z,2026-04-15T00:00:00Z,25.37,Hours,3.02,AWS,4.8709,0.192,Reserved,25.37,Hours,AWS,AWS,us-east-1,US East (N. Virginia),i-mgmt-002,i-mgmt-002,m5.xlarge,Compute,Amazon Elastic Compute Cloud,m5.xlarge-reserved,,,"{""cost-team"": ""team-b"", ""env"": ""production"", ""purpose"": ""management""}"
487.6176,111122223333,ml-platform-prod,USD,2026-04-01T00:00:00Z,2026-05-01T00:00:00Z,Usage,p4d.24xlarge Reserved compute,2026-04-15T00:00:00Z,2026-04-16T00:00:00Z,24.0,Hours,487.6176,AWS,786.48,32.77,Reserved,24.0,Hours,AWS,AWS,us-east-1,US East (N. Virginia),i-team-a-train-001,i-team-a-train-001,p4d.24xlarge,AI and Machine Learning,Amazon Elastic Compute Cloud,p4d.24xlarge-reserved,,,"{""cost-team"": ""team-a"", ""env"": ""ml"", ""purpose"": ""training""}"
29.7006,111122223333,ml-platform-prod,USD,2026-04-01T00:00:00Z,2026-05-01T00:00:00Z,Usage,g5.2xlarge Standard compute,2026-04-15T00:00:00Z,2026-04-16T00:00:00Z,24.51,Hours,29.7006,AWS,29.7006,1.212,Standard,24.51,Hours,AWS,AWS,us-east-1,US East (N. Virginia),i-team-a-inf-001,i-team-a-inf-001,g5.2xlarge,AI and Machine Learning,Amazon Elastic Compute Cloud,g5.2xlarge-standard,,,"{""cost-team"": ""team-a"", ""env"": ""ml"", ""purpose"": ""inference""}"
24.5527,111122223333,ml-platform-prod,USD,2026-04-01T00:00:00Z,2026-05-01T00:00:00Z,Usage,g5.xlarge Standard compute,2026-04-15T00:00:00Z,2026-04-16T00:00:00Z,24.41,Hours,24.5527,AWS,24.5527,1.006,Standard,24.41,Hours,AWS,AWS,us-east-1,US East (N. Virginia),i-team-a-inf-002,i-team-a-inf-002,g5.xlarge,AI and Machine Learning,Amazon Elastic Compute Cloud,g5.xlarge-standard,,,"{""cost-team"": ""team-a"", ""env"": ""ml"", ""purpose"": ""inference""}"
13.0421,111122223333,ml-platform-prod,USD,2026-04-01T00:00:00Z,2026-05-01T00:00:00Z,Usage,g5.xlarge Standard compute,2026-04-15T00:00:00Z,2026-04-16T00:00:00Z,12.96,Hours,13.0421,AWS,13.0421,1.006,Standard,12.96,Hours,AWS,AWS,us-east-1,US East (N. Virginia),i-team-b-inf-001,i-team-b-inf-001,g5.xlarge,AI and Machine Learning,Amazon Elastic Compute Cloud,g5.xlarge-standard,,,"{""cost-team"": ""team-b"", ""env"": ""ml"", ""purpose"": ""inference""}"
2.2455,111122223333,ml-platform-prod,USD,2026-04-01T00:00:00Z,2026-05-01T00:00:00Z,Usage,g5.xlarge Spot compute,2026-04-15T00:00:00Z,2026-04-16T00:00:00Z,7.44,Hours,2.2455,AWS,7.485,1.006,Spot,7.44,Hours,AWS,AWS,us-east-1,US East (N. Virginia),i-team-b-inf-002,i-team-b-inf-002,g5.xlarge,AI and Machine Learning,Amazon Elastic Compute Cloud,g5.xlarge-spot,,,"{""cost-team"": ""team-b"", ""env"": ""ml"", ""purpose"": ""inference""}"
33.4823,111122223333,ml-platform-prod,USD,2026-04-01T00:00:00Z,2026-05-01T00:00:00Z,Usage,g5.4xlarge Standard compute,2026-04-15T00:00:00Z,2026-04-16T00:00:00Z,20.62,Hours,33.4823,AWS,33.4823,1.624,Standard,20.62,Hours,AWS,AWS,us-east-1,US East (N. Virginia),i-research-gpu-001,i-research-gpu-001,g5.4xlarge,AI and Machine Learning,Amazon Elastic Compute Cloud,g5.4xlarge-standard,,,
1.5088,111122223333,ml-platform-prod,USD,2026-04-01T00:00:00Z,2026-05-01T00:00:00Z,Usage,m5.large Reserved compute,2026-04-15T00:00:00Z,2026-04-16T00:00:00Z,25.35,Hours,1.5088,AWS,2.4336,0.096,Reserved,25.35,Hours,AWS,AWS,us-east-1,US East (N. Virginia),i-mgmt-001,i-mgmt-001,m5.large,Compute,Amazon Elastic Compute Cloud,m5.large-reserved,,,"{""cost-team"": ""team-a"", ""env"": ""production"", ""purpose"": ""management""}"
2.8541,111122223333,ml-platform-prod,USD,2026-04-01T00:00:00Z,2026-05-01T00:00:00Z,Usage,m5.xlarge Reserved compute,2026-04-15T00:00:00Z,2026-04-16T00:00:00Z,23.98,Hours,2.8541,AWS,4.6034,0.192,Reserved,23.98,Hours,AWS,AWS,us-east-1,US East (N. Virginia),i-mgmt-002,i-mgmt-002,m5.xlarge,Compute,Amazon Elastic Compute Cloud,m5.xlarge-reserved,,,"{""cost-team"": ""team-b"", ""env"": ""production"", ""purpose"": ""management""}"
487.6176,111122223333,ml-platform-prod,USD,2026-04-01T00:00:00Z,2026-05-01T00:00:00Z,Usage,p4d.24xlarge Reserved compute,2026-04-16T00:00:00Z,2026-04-17T00:00:00Z,24.0,Hours,487.6176,AWS,786.48,32.77,Reserved,24.0,Hours,AWS,AWS,us-east-1,US East (N. Virginia),i-team-a-train-001,i-team-a-train-001,p4d.24xlarge,AI and Machine Learning,Amazon Elastic Compute Cloud,p4d.24xlarge-reserved,,,"{""cost-team"": ""team-a"", ""env"": ""ml"", ""purpose"": ""training""}"
29.8896,111122223333,ml-platform-prod,USD,2026-04-01T00:00:00Z,2026-05-01T00:00:00Z,Usage,g5.2xlarge Standard compute,2026-04-16T00:00:00Z,2026-04-17T00:00:00Z,24.66,Hours,29.8896,AWS,29.8896,1.212,Standard,24.66,Hours,AWS,AWS,us-east-1,US East (N. Virginia),i-team-a-inf-001,i-team-a-inf-001,g5.2xlarge,AI and Machine Learning,Amazon Elastic Compute Cloud,g5.2xlarge-standard,,,"{""cost-team"": ""team-a"", ""env"": ""ml"", ""purpose"": ""inference""}"
23.042,111122223333,ml-platform-prod,USD,2026-04-01T00:00:00Z,2026-05-01T00:00:00Z,Usage,g5.xlarge Standard compute,2026-04-16T00:00:00Z,2026-04-17T00:00:00Z,22.9,Hours,23.042,AWS,23.042,1.006,Standard,22.9,Hours,AWS,AWS,us-east-1,US East (N. Virginia),i-team-a-inf-002,i-team-a-inf-002,g5.xlarge,AI and Machine Learning,Amazon Elastic Compute Cloud,g5.xlarge-standard,,,"{""cost-team"": ""team-a"", ""env"": ""ml"", ""purpose"": ""inference""}"
13.2478,111122223333,ml-platform-prod,USD,2026-04-01T00:00:00Z,2026-05-01T00:00:00Z,Usage,g5.xlarge Standard compute,2026-04-16T00:00:00Z,2026-04-17T00:00:00Z,13.17,Hours,13.2478,AWS,13.2478,1.006,Standard,13.17,Hours,AWS,AWS,us-east-1,US East (N. Virginia),i-team-b-inf-001,i-team-b-inf-001,g5.xlarge,AI and Machine Learning,Amazon Elastic Compute Cloud,g5.xlarge-standard,,,"{""cost-team"": ""team-b"", ""env"": ""ml"", ""purpose"": ""inference""}"
2.494,111122223333,ml-platform-prod,USD,2026-04-01T00:00:00Z,2026-05-01T00:00:00Z,Usage,g5.xlarge Spot compute,2026-04-16T00:00:00Z,2026-04-17T00:00:00Z,8.26,Hours,2.494,AWS,8.3134,1.006,Spot,8.26,Hours,AWS,AWS,us-east-1,US East (N. Virginia),i-team-b-inf-002,i-team-b-inf-002,g5.xlarge,AI and Machine Learning,Amazon Elastic Compute Cloud,g5.xlarge-spot,,,"{""cost-team"": ""team-b"", ""env"": ""ml"", ""purpose"": ""inference""}"
34.5197,111122223333,ml-platform-prod,USD,2026-04-01T00:00:00Z,2026-05-01T00:00:00Z,Usage,g5.4xlarge Standard compute,2026-04-16T00:00:00Z,2026-04-17T00:00:00Z,21.26,Hours,34.5197,AWS,34.5197,1.624,Standard,21.26,Hours,AWS,AWS,us-east-1,US East (N. Virginia),i-research-gpu-001,i-research-gpu-001,g5.4xlarge,AI and Machine Learning,Amazon Elastic Compute Cloud,g5.4xlarge-standard,,,
1.4293,111122223333,ml-platform-prod,USD,2026-04-01T00:00:00Z,2026-05-01T00:00:00Z,Usage,m5.large Reserved compute,2026-04-16T00:00:00Z,2026-04-17T00:00:00Z,24.01,Hours,1.4293,AWS,2.3054,0.096,Reserved,24.01,Hours,AWS,AWS,us-east-1,US East (N. Virginia),i-mgmt-001,i-mgmt-001,m5.large,Compute,Amazon Elastic Compute Cloud,m5.large-reserved,,,"{""cost-team"": ""team-a"", ""env"": ""production"", ""purpose"": ""management""}"
2.7085,111122223333,ml-platform-prod,USD,2026-04-01T00:00:00Z,2026-05-01T00:00:00Z,Usage,m5.xlarge Reserved compute,2026-04-16T00:00:00Z,2026-04-17T00:00:00Z,22.75,Hours,2.7085,AWS,4.3686,0.192,Reserved,22.75,Hours,AWS,AWS,us-east-1,US East (N. Virginia),i-mgmt-002,i-mgmt-002,m5.xlarge,Compute,Amazon Elastic Compute Cloud,m5.xlarge-reserved,,,"{""cost-team"": ""team-b"", ""env"": ""production"", ""purpose"": ""management""}"
487.6176,111122223333,ml-platform-prod,USD,2026-04-01T00:00:00Z,2026-05-01T00:00:00Z,Usage,p4d.24xlarge Reserved compute,2026-04-17T00:00:00Z,2026-04-18T00:00:00Z,24.0,Hours,487.6176,AWS,786.48,32.77,Reserved,24.0,Hours,AWS,AWS,us-east-1,US East (N. Virginia),i-team-a-train-001,i-team-a-train-001,p4d.24xlarge,AI and Machine Learning,Amazon Elastic Compute Cloud,p4d.24xlarge-reserved,,,"{""cost-team"": ""team-a"", ""env"": ""ml"", ""purpose"": ""training""}"
29.7009,111122223333,ml-platform-prod,USD,2026-04-01T00:00:00Z,2026-05-01T00:00:00Z,Usage,g5.2xlarge Standard compute,2026-04-17T00:00:00Z,2026-04-18T00:00:00Z,24.51,Hours,29.7009,AWS,29.7009,1.212,Standard,24.51,Hours,AWS,AWS,us-east-1,US East (N. Virginia),i-team-a-inf-001,i-team-a-inf-001,g5.2xlarge,AI and Machine Learning,Amazon Elastic Compute Cloud,g5.2xlarge-standard,,,"{""cost-team"": ""team-a"", ""env"": ""ml"", ""purpose"": ""inference""}"
25.457,111122223333,ml-platform-prod,USD,2026-04-01T00:00:00Z,2026-05-01T00:00:00Z,Usage,g5.xlarge Standard compute,2026-04-17T00:00:00Z,2026-04-18T00:00:00Z,25.31,Hours,25.457,AWS,25.457,1.006,Standard,25.31,Hours,AWS,AWS,us-east-1,US East (N. Virginia),i-team-a-inf-002,i-team-a-inf-002,g5.xlarge,AI and Machine Learning,Amazon Elastic Compute Cloud,g5.xlarge-standard,,,"{""cost-team"": ""team-a"", ""env"": ""ml"", ""purpose"": ""inference""}"
14.9394,111122223333,ml-platform-prod,USD,2026-04-01T00:00:00Z,2026-05-01T00:00:00Z,Usage,g5.xlarge Standard compute,2026-04-17T00:00:00Z,2026-04-18T00:00:00Z,14.85,Hours,14.9394,AWS,14.9394,1.006,Standard,14.85,Hours,AWS,AWS,us-east-1,US East (N. Virginia),i-team-b-inf-001,i-team-b-inf-001,g5.xlarge,AI and Machine Learning,Amazon Elastic Compute Cloud,g5.xlarge-standard,,,"{""cost-team"": ""team-b"", ""env"": ""ml"", ""purpose"": ""inference""}"
2.7901,111122223333,ml-platform-prod,USD,2026-04-01T00:00:00Z,2026-05-01T00:00:00Z,Usage,g5.xlarge Spot compute,2026-04-17T00:00:00Z,2026-04-18T00:00:00Z,9.25,Hours,2.7901,AWS,9.3005,1.006,Spot,9.25,Hours,AWS,AWS,us-east-1,US East (N. Virginia),i-team-b-inf-002,i-team-b-inf-002,g5.xlarge,AI and Machine Learning,Amazon Elastic Compute Cloud,g5.xlarge-spot,,,"{""cost-team"": ""team-b"", ""env"": ""ml"", ""purpose"": ""inference""}"
29.9989,111122223333,ml-platform-prod,USD,2026-04-01T00:00:00Z,2026-05-01T00:00:00Z,Usage,g5.4xlarge Standard compute,2026-04-17T00:00:00Z,2026-04-18T00:00:00Z,18.47,Hours,29.9989,AWS,29.9989,1.624,Standard,18.47,Hours,AWS,AWS,us-east-1,US East (N. Virginia),i-research-gpu-001,i-research-gpu-001,g5.4xlarge,AI and Machine Learning,Amazon Elastic Compute Cloud,g5.4xlarge-standard,,,
1.4835,111122223333,ml-platform-prod,USD,2026-04-01T00:00:00Z,2026-05-01T00:00:00Z,Usage,m5.large Reserved compute,2026-04-17T00:00:00Z,2026-04-18T00:00:00Z,24.92,Hours,1.4835,AWS,2.3927,0.096,Reserved,24.92,Hours,AWS,AWS,us-east-1,US East (N. Virginia),i-mgmt-001,i-mgmt-001,m5.large,Compute,Amazon Elastic Compute Cloud,m5.large-reserved,,,"{""cost-team"": ""team-a"", ""env"": ""production"", ""purpose"": ""management""}"
2.8641,111122223333,ml-platform-prod,USD,2026-04-01T00:00:00Z,2026-05-01T00:00:00Z,Usage,m5.xlarge Reserved compute,2026-04-17T00:00:00Z,2026-04-18T00:00:00Z,24.06,Hours,2.8641,AWS,4.6195,0.192,Reserved,24.06,Hours,AWS,AWS,us-east-1,US East (N. Virginia),i-mgmt-002,i-mgmt-002,m5.xlarge,Compute,Amazon Elastic Compute Cloud,m5.xlarge-reserved,,,"{""cost-team"": ""team-b"", ""env"": ""production"", ""purpose"": ""management""}"
487.6176,111122223333,ml-platform-prod,USD,2026-04-01T00:00:00Z,2026-05-01T00:00:00Z,Usage,p4d.24xlarge Reserved compute,2026-04-18T00:00:00Z,2026-04-19T00:00:00Z,24.0,Hours,487.6176,AWS,786.48,32.77,Reserved,24.0,Hours,AWS,AWS,us-east-1,US East (N. Virginia),i-team-a-train-001,i-team-a-train-001,p4d.24xlarge,AI and Machine Learning,Amazon Elastic Compute Cloud,p4d.24xlarge-reserved,,,"{""cost-team"": ""team-a"", ""env"": ""ml"", ""purpose"": ""training""}"
27.9852,111122223333,ml-platform-prod,USD,2026-04-01T00:00:00Z,2026-05-01T00:00:00Z,Usage,g5.2xlarge Standard compute,2026-04-18T00:00:00Z,2026-04-19T00:00:00Z,23.09,Hours,27.9852,AWS,27.9852,1.212,Standard,23.09,Hours,AWS,AWS,us-east-1,US East (N. Virginia),i-team-a-inf-001,i-team-a-inf-001,g5.2xlarge,AI and Machine Learning,Amazon Elastic Compute Cloud,g5.2xlarge-standard,,,"{""cost-team"": ""team-a"", ""env"": ""ml"", ""purpose"": ""inference""}"
22.6776,111122223333,ml-platform-prod,USD,2026-04-01T00:00:00Z,2026-05-01T00:00:00Z,Usage,g5.xlarge Standard compute,2026-04-18T00:00:00Z,2026-04-19T00:00:00Z,22.54,Hours,22.6776,AWS,22.6776,1.006,Standard,22.54,Hours,AWS,AWS,us-east-1,US East (N. Virginia),i-team-a-inf-002,i-team-a-inf-002,g5.xlarge,AI and Machine Learning,Amazon Elastic Compute Cloud,g5.xlarge-standard,,,"{""cost-team"": ""team-a"", ""env"": ""ml"", ""purpose"": ""inference""}"
12.8953,111122223333,ml-platform-prod,USD,2026-04-01T00:00:00Z,2026-05-01T00:00:00Z,Usage,g5.xlarge Standard compute,2026-04-18T00:00:00Z,2026-04-19T00:00:00Z,12.82,Hours,12.8953,AWS,12.8953,1.006,Standard,12.82,Hours,AWS,AWS,us-east-1,US East (N. Virginia),i-team-b-inf-001,i-team-b-inf-001,g5.xlarge,AI and Machine Learning,Amazon Elastic Compute Cloud,g5.xlarge-standard,,,"{""cost-team"": ""team-b"", ""env"": ""ml"", ""purpose"": ""inference""}"
2.7655,111122223333,ml-platform-prod,USD,2026-04-01T00:00:00Z,2026-05-01T00:00:00Z,Usage,g5.xlarge Spot compute,2026-04-18T00:00:00Z,2026-04-19T00:00:00Z,9.16,Hours,2.7655,AWS,9.2183,1.006,Spot,9.16,Hours,AWS,AWS,us-east-1,US East (N. Virginia),i-team-b-inf-002,i-team-b-inf-002,g5.xlarge,AI and Machine Learning,Amazon Elastic Compute Cloud,g5.xlarge-spot,,,"{""cost-team"": ""team-b"", ""env"": ""ml"", ""purpose"": ""inference""}"
2.6748,111122223333,ml-platform-prod,USD,2026-04-01T00:00:00Z,2026-05-01T00:00:00Z,Usage,g5.4xlarge Standard compute,2026-04-18T00:00:00Z,2026-04-19T00:00:00Z,1.65,Hours,2.6748,AWS,2.6748,1.624,Standard,1.65,Hours,AWS,AWS,us-east-1,US East (N. Virginia),i-research-gpu-001,i-research-gpu-001,g5.4xlarge,AI and Machine Learning,Amazon Elastic Compute Cloud,g5.4xlarge-standard,,,
1.4023,111122223333,ml-platform-prod,USD,2026-04-01T00:00:00Z,2026-05-01T00:00:00Z,Usage,m5.large Reserved compute,2026-04-18T00:00:00Z,2026-04-19T00:00:00Z,23.56,Hours,1.4023,AWS,2.2618,0.096,Reserved,23.56,Hours,AWS,AWS,us-east-1,US East (N. Virginia),i-mgmt-001,i-mgmt-001,m5.large,Compute,Amazon Elastic Compute Cloud,m5.large-reserved,,,"{""cost-team"": ""team-a"", ""env"": ""production"", ""purpose"": ""management""}"
2.9532,111122223333,ml-platform-prod,USD,2026-04-01T00:00:00Z,2026-05-01T00:00:00Z,Usage,m5.xlarge Reserved compute,2026-04-18T00:00:00Z,2026-04-19T00:00:00Z,24.81,Hours,2.9532,AWS,4.7633,0.192,Reserved,24.81,Hours,AWS,AWS,us-east-1,US East (N. Virginia),i-mgmt-002,i-mgmt-002,m5.xlarge,Compute,Amazon Elastic Compute Cloud,m5.xlarge-reserved,,,"{""cost-team"": ""team-b"", ""env"": ""production"", ""purpose"": ""management""}"
487.6176,111122223333,ml-platform-prod,USD,2026-04-01T00:00:00Z,2026-05-01T00:00:00Z,Usage,p4d.24xlarge Reserved compute,2026-04-19T00:00:00Z,2026-04-20T00:00:00Z,24.0,Hours,487.6176,AWS,786.48,32.77,Reserved,24.0,Hours,AWS,AWS,us-east-1,US East (N. Virginia),i-team-a-train-001,i-team-a-train-001,p4d.24xlarge,AI and Machine Learning,Amazon Elastic Compute Cloud,p4d.24xlarge-reserved,,,"{""cost-team"": ""team-a"", ""env"": ""ml"", ""purpose"": ""training""}"
27.3638,111122223333,ml-platform-prod,USD,2026-04-01T00:00:00Z,2026-05-01T00:00:00Z,Usage,g5.2xlarge Standard compute,2026-04-19T00:00:00Z,2026-04-20T00:00:00Z,22.58,Hours,27.3638,AWS,27.3638,1.212,Standard,22.58,Hours,AWS,AWS,us-east-1,US East (N. Virginia),i-team-a-inf-001,i-team-a-inf-001,g5.2xlarge,AI and Machine Learning,Amazon Elastic Compute Cloud,g5.2xlarge-standard,,,"{""cost-team"": ""team-a"", ""env"": ""ml"", ""purpose"": ""inference""}"
24.1754,111122223333,ml-platform-prod,USD,2026-04-01T00:00:00Z,2026-05-01T00:00:00Z,Usage,g5.xlarge Standard compute,2026-04-19T00:00:00Z,2026-04-20T00:00:00Z,24.03,Hours,24.1754,AWS,24.1754,1.006,Standard,24.03,Hours,AWS,AWS,us-east-1,US East (N. Virginia),i-team-a-inf-002,i-team-a-inf-002,g5.xlarge,AI and Machine Learning,Amazon Elastic Compute Cloud,g5.xlarge-standard,,,"{""cost-team"": ""team-a"", ""env"": ""ml"", ""purpose"": ""inference""}"
13.5642,111122223333,ml-platform-prod,USD,2026-04-01T00:00:00Z,2026-05-01T00:00:00Z,Usage,g5.xlarge Standard compute,2026-04-19T00:00:00Z,2026-04-20T00:00:00Z,13.48,Hours,13.5642,AWS,13.5642,1.006,Standard,13.48,Hours,AWS,AWS,us-east-1,US East (N. Virginia),i-team-b-inf-001,i-team-b-inf-001,g5.xlarge,AI and Machine Learning,Amazon Elastic Compute Cloud,g5.xlarge-standard,,,"{""cost-team"": ""team-b"", ""env"": ""ml"", ""purpose"": ""inference""}"
2.2367,111122223333,ml-platform-prod,USD,2026-04-01T00:00:00Z,2026-05-01T00:00:00Z,Usage,g5.xlarge Spot compute,2026-04-19T00:00:00Z,2026-04-20T00:00:00Z,7.41,Hours,2.2367,AWS,7.4555,1.006,Spot,7.41,Hours,AWS,AWS,us-east-1,US East (N. Virginia),i-team-b-inf-002,i-team-b-inf-002,g5.xlarge,AI and Machine Learning,Amazon Elastic Compute Cloud,g5.xlarge-spot,,,"{""cost-team"": ""team-b"", ""env"": ""ml"", ""purpose"": ""inference""}"
27.1667,111122223333,ml-platform-prod,USD,2026-04-01T00:00:00Z,2026-05-01T00:00:00Z,Usage,g5.4xlarge Standard compute,2026-04-19T00:00:00Z,2026-04-20T00:00:00Z,16.73,Hours,27.1667,AWS,27.1667,1.624,Standard,16.73,Hours,AWS,AWS,us-east-1,US East (N. Virginia),i-research-gpu-001,i-research-gpu-001,g5.4xlarge,AI and Machine Learning,Amazon Elastic Compute Cloud,g5.4xlarge-standard,,,
1.5086,111122223333,ml-platform-prod,USD,2026-04-01T00:00:00Z,2026-05-01T00:00:00Z,Usage,m5.large Reserved compute,2026-04-19T00:00:00Z,2026-04-20T00:00:00Z,25.35,Hours,1.5086,AWS,2.4332,0.096,Reserved,25.35,Hours,AWS,AWS,us-east-1,US East (N. Virginia),i-mgmt-001,i-mgmt-001,m5.large,Compute,Amazon Elastic Compute Cloud,m5.large-reserved,,,"{""cost-team"": ""team-a"", ""env"": ""production"", ""purpose"": ""management""}"
2.8826,111122223333,ml-platform-prod,USD,2026-04-01T00:00:00Z,2026-05-01T00:00:00Z,Usage,m5.xlarge Reserved compute,2026-04-19T00:00:00Z,2026-04-20T00:00:00Z,24.21,Hours,2.8826,AWS,4.6493,0.192,Reserved,24.21,Hours,AWS,AWS,us-east-1,US East (N. Virginia),i-mgmt-002,i-mgmt-002,m5.xlarge,Compute,Amazon Elastic Compute Cloud,m5.xlarge-reserved,,,"{""cost-team"": ""team-b"", ""env"": ""production"", ""purpose"": ""management""}"
487.6176,111122223333,ml-platform-prod,USD,2026-04-01T00:00:00Z,2026-05-01T00:00:00Z,Usage,p4d.24xlarge Reserved compute,2026-04-20T00:00:00Z,2026-04-21T00:00:00Z,24.0,Hours,487.6176,AWS,786.48,32.77,Reserved,24.0,Hours,AWS,AWS,us-east-1,US East (N. Virginia),i-team-a-train-001,i-team-a-train-001,p4d.24xlarge,AI and Machine Learning,Amazon Elastic Compute Cloud,p4d.24xlarge-reserved,,,"{""cost-team"": ""team-a"", ""env"": ""ml"", ""purpose"": ""training""}"
12.3744,111122223333,ml-platform-prod,USD,2026-04-01T00:00:00Z,2026-05-01T00:00:00Z,Usage,g5.2xlarge Standard compute,2026-04-20T00:00:00Z,2026-04-21T00:00:00Z,10.21,Hours,12.3744,AWS,12.3744,1.212,Standard,10.21,Hours,AWS,AWS,us-east-1,US East (N. Virginia),i-team-a-inf-001,i-team-a-inf-001,g5.2xlarge,AI and Machine Learning,Amazon Elastic Compute Cloud,g5.2xlarge-standard,,,"{""cost-team"": ""team-a"", ""env"": ""ml"", ""purpose"": ""inference""}"
8.9612,111122223333,ml-platform-prod,USD,2026-04-01T00:00:00Z,2026-05-01T00:00:00Z,Usage,g5.xlarge Standard compute,2026-04-20T00:00:00Z,2026-04-21T00:00:00Z,8.91,Hours,8.9612,AWS,8.9612,1.006,Standard,8.91,Hours,AWS,AWS,us-east-1,US East (N. Virginia),i-team-a-inf-002,i-team-a-inf-002,g5.xlarge,AI and Machine Learning,Amazon Elastic Compute Cloud,g5.xlarge-standard,,,"{""cost-team"": ""team-a"", ""env"": ""ml"", ""purpose"": ""inference""}"
5.6731,111122223333,ml-platform-prod,USD,2026-04-01T00:00:00Z,2026-05-01T00:00:00Z,Usage,g5.xlarge Standard compute,2026-04-20T00:00:00Z,2026-04-21T00:00:00Z,5.64,Hours,5.6731,AWS,5.6731,1.006,Standard,5.64,Hours,AWS,AWS,us-east-1,US East (N. Virginia),i-team-b-inf-001,i-team-b-inf-001,g5.xlarge,AI and Machine Learning,Amazon Elastic Compute Cloud,g5.xlarge-standard,,,"{""cost-team"": ""team-b"", ""env"": ""ml"", ""purpose"": ""inference""}"
0.9257,111122223333,ml-platform-prod,USD,2026-04-01T00:00:00Z,2026-05-01T00:00:00Z,Usage,g5.xlarge Spot compute,2026-04-20T00:00:00Z,2026-04-21T00:00:00Z,3.07,Hours,0.9257,AWS,3.0856,1.006,Spot,3.07,Hours,AWS,AWS,us-east-1,US East (N. Virginia),i-team-b-inf-002,i-team-b-inf-002,g5.xlarge,AI and Machine Learning,Amazon Elastic Compute Cloud,g5.xlarge-spot,,,"{""cost-team"": ""team-b"", ""env"": ""ml"", ""purpose"": ""inference""}"
31.8131,111122223333,ml-platform-prod,USD,2026-04-01T00:00:00Z,2026-05-01T00:00:00Z,Usage,g5.4xlarge Standard compute,2026-04-20T00:00:00Z,2026-04-21T00:00:00Z,19.59,Hours,31.8131,AWS,31.8131,1.624,Standard,19.59,Hours,AWS,AWS,us-east-1,US East (N. Virginia),i-research-gpu-001,i-research-gpu-001,g5.4xlarge,AI and Machine Learning,Amazon Elastic Compute Cloud,g5.4xlarge-standard,,,
1.4603,111122223333,ml-platform-prod,USD,2026-04-01T00:00:00Z,2026-05-01T00:00:00Z,Usage,m5.large Reserved compute,2026-04-20T00:00:00Z,2026-04-21T00:00:00Z,24.54,Hours,1.4603,AWS,2.3554,0.096,Reserved,24.54,Hours,AWS,AWS,us-east-1,US East (N. Virginia),i-mgmt-001,i-mgmt-001,m5.large,Compute,Amazon Elastic Compute Cloud,m5.large-reserved,,,"{""cost-team"": ""team-a"", ""env"": ""production"", ""purpose"": ""management""}"
2.7032,111122223333,ml-platform-prod,USD,2026-04-01T00:00:00Z,2026-05-01T00:00:00Z,Usage,m5.xlarge Reserved compute,2026-04-20T00:00:00Z,2026-04-21T00:00:00Z,22.71,Hours,2.7032,AWS,4.36,0.192,Reserved,22.71,Hours,AWS,AWS,us-east-1,US East (N. Virginia),i-mgmt-002,i-mgmt-002,m5.xlarge,Compute,Amazon Elastic Compute Cloud,m5.xlarge-reserved,,,"{""cost-team"": ""team-b"", ""env"": ""production"", ""purpose"": ""management""}"
487.6176,111122223333,ml-platform-prod,USD,2026-04-01T00:00:00Z,2026-05-01T00:00:00Z,Usage,p4d.24xlarge Reserved compute,2026-04-21T00:00:00Z,2026-04-22T00:00:00Z,24.0,Hours,487.6176,AWS,786.48,32.77,Reserved,24.0,Hours,AWS,AWS,us-east-1,US East (N. Virginia),i-team-a-train-001,i-team-a-train-001,p4d.24xlarge,AI and Machine Learning,Amazon Elastic Compute Cloud,p4d.24xlarge-reserved,,,"{""cost-team"": ""team-a"", ""env"": ""ml"", ""purpose"": ""training""}"
11.3908,111122223333,ml-platform-prod,USD,2026-04-01T00:00:00Z,2026-05-01T00:00:00Z,Usage,g5.2xlarge Standard compute,2026-04-21T00:00:00Z,2026-04-22T00:00:00Z,9.4,Hours,11.3908,AWS,11.3908,1.212,Standard,9.4,Hours,AWS,AWS,us-east-1,US East (N. Virginia),i-team-a-inf-001,i-team-a-inf-001,g5.2xlarge,AI and Machine Learning,Amazon Elastic Compute Cloud,g5.2xlarge-standard,,,"{""cost-team"": ""team-a"", ""env"": ""ml"", ""purpose"": ""inference""}"
9.0449,111122223333,ml-platform-prod,USD,2026-04-01T00:00:00Z,2026-05-01T00:00:00Z,Usage,g5.xlarge Standard compute,2026-04-21T00:00:00Z,2026-04-22T00:00:00Z,8.99,Hours,9.0449,AWS,9.0449,1.006,Standard,8.99,Hours,AWS,AWS,us-east-1,US East (N. Virginia),i-team-a-inf-002,i-team-a-inf-002,g5.xlarge,AI and Machine Learning,Amazon Elastic Compute Cloud,g5.xlarge-standard,,,"{""cost-team"": ""team-a"", ""env"": ""ml"", ""purpose"": ""inference""}"
6.4816,111122223333,ml-platform-prod,USD,2026-04-01T00:00:00Z,2026-05-01T00:00:00Z,Usage,g5.xlarge Standard compute,2026-04-21T00:00:00Z,2026-04-22T00:00:00Z,6.44,Hours,6.4816,AWS,6.4816,1.006,Standard,6.44,Hours,AWS,AWS,us-east-1,US East (N. Virginia),i-team-b-inf-001,i-team-b-inf-001,g5.xlarge,AI and Machine Learning,Amazon Elastic Compute Cloud,g5.xlarge-standard,,,"{""cost-team"": ""team-b"", ""env"": ""ml"", ""purpose"": ""inference""}"
0.6913,111122223333,ml-platform-prod,USD,2026-04-01T00:00:00Z,2026-05-01T00:00:00Z,Usage,g5.xlarge Spot compute,2026-04-21T00:00:00Z,2026-04-22T00:00:00Z,2.29,Hours,0.6913,AWS,2.3042,1.006,Spot,2.29,Hours,AWS,AWS,us-east-1,US East (N. Virginia),i-team-b-inf-002,i-team-b-inf-002,g5.xlarge,AI and Machine Learning,Amazon Elastic Compute Cloud,g5.xlarge-spot,,,"{""cost-team"": ""team-b"", ""env"": ""ml"", ""purpose"": ""inference""}"
34.159,111122223333,ml-platform-prod,USD,2026-04-01T00:00:00Z,2026-05-01T00:00:00Z,Usage,g5.4xlarge Standard compute,2026-04-21T00:00:00Z,2026-04-22T00:00:00Z,21.03,Hours,34.159,AWS,34.159,1.624,Standard,21.03,Hours,AWS,AWS,us-east-1,US East (N. Virginia),i-research-gpu-001,i-research-gpu-001,g5.4xlarge,AI and Machine Learning,Amazon Elastic Compute Cloud,g5.4xlarge-standard,,,
1.4199,111122223333,ml-platform-prod,USD,2026-04-01T00:00:00Z,2026-05-01T00:00:00Z,Usage,m5.large Reserved compute,2026-04-21T00:00:00Z,2026-04-22T00:00:00Z,23.86,Hours,1.4199,AWS,2.2901,0.096,Reserved,23.86,Hours,AWS,AWS,us-east-1,US East (N. Virginia),i-mgmt-001,i-mgmt-001,m5.large,Compute,Amazon Elastic Compute Cloud,m5.large-reserved,,,"{""cost-team"": ""team-a"", ""env"": ""production"", ""purpose"": ""management""}"
2.9479,111122223333,ml-platform-prod,USD,2026-04-01T00:00:00Z,2026-05-01T00:00:00Z,Usage,m5.xlarge Reserved compute,2026-04-21T00:00:00Z,2026-04-22T00:00:00Z,24.76,Hours,2.9479,AWS,4.7547,0.192,Reserved,24.76,Hours,AWS,AWS,us-east-1,US East (N. Virginia),i-mgmt-002,i-mgmt-002,m5.xlarge,Compute,Amazon Elastic Compute Cloud,m5.xlarge-reserved,,,"{""cost-team"": ""team-b"", ""env"": ""production"", ""purpose"": ""management""}"
224.824,111122223333,ml-platform-prod,USD,2026-04-01T00:00:00Z,2026-05-01T00:00:00Z,Usage,p4d.24xlarge Reserved compute,2026-04-22T00:00:00Z,2026-04-23T00:00:00Z,11.07,Hours,224.824,AWS,362.6193,32.77,Reserved,11.07,Hours,AWS,AWS,us-east-1,US East (N. Virginia),i-team-a-train-001,i-team-a-train-001,p4d.24xlarge,AI and Machine Learning,Amazon Elastic Compute Cloud,p4d.24xlarge-reserved,,,"{""cost-team"": ""team-a"", ""env"": ""ml"", ""purpose"": ""training""}"
29.855,111122223333,ml-platform-prod,USD,2026-04-01T00:00:00Z,2026-05-01T00:00:00Z,Usage,g5.2xlarge Standard compute,2026-04-22T00:00:00Z,2026-04-23T00:00:00Z,24.63,Hours,29.855,AWS,29.855,1.212,Standard,24.63,Hours,AWS,AWS,us-east-1,US East (N. Virginia),i-team-a-inf-001,i-team-a-inf-001,g5.2xlarge,AI and Machine Learning,Amazon Elastic Compute Cloud,g5.2xlarge-standard,,,"{""cost-team"": ""team-a"", ""env"": ""ml"", ""purpose"": ""inference""}"
25.2843,111122223333,ml-platform-prod,USD,2026-04-01T00:00:00Z,2026-05-01T00:00:00Z,Usage,g5.xlarge Standard compute,2026-04-22T00:00:00Z,2026-04-23T00:00:00Z,25.13,Hours,25.2843,AWS,25.2843,1.006,Standard,25.13,Hours,AWS,AWS,us-east-1,US East (N. Virginia),i-team-a-inf-002,i-team-a-inf-002,g5.xlarge,AI and Machine Learning,Amazon Elastic Compute Cloud,g5.xlarge-standard,,,"{""cost-team"": ""team-a"", ""env"": ""ml"", ""purpose"": ""inference""}"
12.9647,111122223333,ml-platform-prod,USD,2026-04-01T00:00:00Z,2026-05-01T00:00:00Z,Usage,g5.xlarge Standard compute,2026-04-22T00:00:00Z,2026-04-23T00:00:00Z,12.89,Hours,12.9647,AWS,12.9647,1.006,Standard,12.89,Hours,AWS,AWS,us-east-1,US East (N. Virginia),i-team-b-inf-001,i-team-b-inf-001,g5.xlarge,AI and Machine Learning,Amazon Elastic Compute Cloud,g5.xlarge-standard,,,"{""cost-team"": ""team-b"", ""env"": ""ml"", ""purpose"": ""inference""}"
2.4415,111122223333,ml-platform-prod,USD,2026-04-01T00:00:00Z,2026-05-01T00:00:00Z,Usage,g5.xlarge Spot compute,2026-04-22T00:00:00Z,2026-04-23T00:00:00Z,8.09,Hours,2.4415,AWS,8.1383,1.006,Spot,8.09,Hours,AWS,AWS,us-east-1,US East (N. Virginia),i-team-b-inf-002,i-team-b-inf-002,g5.xlarge,AI and Machine Learning,Amazon Elastic Compute Cloud,g5.xlarge-spot,,,"{""cost-team"": ""team-b"", ""env"": ""ml"", ""purpose"": ""inference""}"
31.0202,111122223333,ml-platform-prod,USD,2026-04-01T00:00:00Z,2026-05-01T00:00:00Z,Usage,g5.4xlarge Standard compute,2026-04-22T00:00:00Z,2026-04-23T00:00:00Z,19.1,Hours,31.0202,AWS,31.0202,1.624,Standard,19.1,Hours,AWS,AWS,us-east-1,US East (N. Virginia),i-research-gpu-001,i-research-gpu-001,g5.4xlarge,AI and Machine Learning,Amazon Elastic Compute Cloud,g5.4xlarge-standard,,,
1.51,111122223333,ml-platform-prod,USD,2026-04-01T00:00:00Z,2026-05-01T00:00:00Z,Usage,m5.large Reserved compute,2026-04-22T00:00:00Z,2026-04-23T00:00:00Z,25.37,Hours,1.51,AWS,2.4355,0.096,Reserved,25.37,Hours,AWS,AWS,us-east-1,US East (N. Virginia),i-mgmt-001,i-mgmt-001,m5.large,Compute,Amazon Elastic Compute Cloud,m5.large-reserved,,,"{""cost-team"": ""team-a"", ""env"": ""production"", ""purpose"": ""management""}"
2.7357,111122223333,ml-platform-prod,USD,2026-04-01T00:00:00Z,2026-05-01T00:00:00Z,Usage,m5.xlarge Reserved compute,2026-04-22T00:00:00Z,2026-04-23T00:00:00Z,22.98,Hours,2.7357,AWS,4.4124,0.192,Reserved,22.98,Hours,AWS,AWS,us-east-1,US East (N. Virginia),i-mgmt-002,i-mgmt-002,m5.xlarge,Compute,Amazon Elastic Compute Cloud,m5.xlarge-reserved,,,"{""cost-team"": ""team-b"", ""env"": ""production"", ""purpose"": ""management""}"
264.7992,111122223333,ml-platform-prod,USD,2026-04-01T00:00:00Z,2026-05-01T00:00:00Z,Usage,p4d.24xlarge Reserved compute,2026-04-23T00:00:00Z,2026-04-24T00:00:00Z,13.03,Hours,264.7992,AWS,427.0955,32.77,Reserved,13.03,Hours,AWS,AWS,us-east-1,US East (N. Virginia),i-team-a-train-001,i-team-a-train-001,p4d.24xlarge,AI and Machine Learning,Amazon Elastic Compute Cloud,p4d.24xlarge-reserved,,,"{""cost-team"": ""team-a"", ""env"": ""ml"", ""purpose"": ""training""}"
28.6879,111122223333,ml-platform-prod,USD,2026-04-01T00:00:00Z,2026-05-01T00:00:00Z,Usage,g5.2xlarge Standard compute,2026-04-23T00:00:00Z,2026-04-24T00:00:00Z,23.67,Hours,28.6879,AWS,28.6879,1.212,Standard,23.67,Hours,AWS,AWS,us-east-1,US East (N. Virginia),i-team-a-inf-001,i-team-a-inf-001,g5.2xlarge,AI and Machine Learning,Amazon Elastic Compute Cloud,g5.2xlarge-standard,,,"{""cost-team"": ""team-a"", ""env"": ""ml"", ""purpose"": ""inference""}"
23.9187,111122223333,ml-platform-prod,USD,2026-04-01T00:00:00Z,2026-05-01T00:00:00Z,Usage,g5.xlarge Standard compute,2026-04-23T00:00:00Z,2026-04-24T00:00:00Z,23.78,Hours,23.9187,AWS,23.9187,1.006,Standard,23.78,Hours,AWS,AWS,us-east-1,US East (N. Virginia),i-team-a-inf-002,i-team-a-inf-002,g5.xlarge,AI and Machine Learning,Amazon Elastic Compute Cloud,g5.xlarge-standard,,,"{""cost-team"": ""team-a"", ""env"": ""ml"", ""purpose"": ""inference""}"
13.8247,111122223333,ml-platform-prod,USD,2026-04-01T00:00:00Z,2026-05-01T00:00:00Z,Usage,g5.xlarge Standard compute,2026-04-23T00:00:00Z,2026-04-24T00:00:00Z,13.74,Hours,13.8247,AWS,13.8247,1.006,Standard,13.74,Hours,AWS,AWS,us-east-1,US East (N. Virginia),i-team-b-inf-001,i-team-b-inf-001,g5.xlarge,AI and Machine Learning,Amazon Elastic Compute Cloud,g5.xlarge-standard,,,"{""cost-team"": ""team-b"", ""env"": ""ml"", ""purpose"": ""inference""}"
2.0329,111122223333,ml-platform-prod,USD,2026-04-01T00:00:00Z,2026-05-01T00:00:00Z,Usage,g5.xlarge Spot compute,2026-04-23T00:00:00Z,2026-04-24T00:00:00Z,6.74,Hours,2.0329,AWS,6.7764,1.006,Spot,6.74,Hours,AWS,AWS,us-east-1,US East (N. Virginia),i-team-b-inf-002,i-team-b-inf-002,g5.xlarge,AI and Machine Learning,Amazon Elastic Compute Cloud,g5.xlarge-spot,,,"{""cost-team"": ""team-b"", ""env"": ""ml"", ""purpose"": ""inference""}"
29.3366,111122223333,ml-platform-prod,USD,2026-04-01T00:00:00Z,2026-05-01T00:00:00Z,Usage,g5.4xlarge Standard compute,2026-04-23T00:00:00Z,2026-04-24T00:00:00Z,18.06,Hours,29.3366,AWS,29.3366,1.624,Standard,18.06,Hours,AWS,AWS,us-east-1,US East (N. Virginia),i-research-gpu-001,i-research-gpu-001,g5.4xlarge,AI and Machine Learning,Amazon Elastic Compute Cloud,g5.4xlarge-standard,,,
1.3863,111122223333,ml-platform-prod,USD,2026-04-01T00:00:00Z,2026-05-01T00:00:00Z,Usage,m5.large Reserved compute,2026-04-23T00:00:00Z,2026-04-24T00:00:00Z,23.29,Hours,1.3863,AWS,2.2359,0.096,Reserved,23.29,Hours,AWS,AWS,us-east-1,US East (N. Virginia),i-mgmt-001,i-mgmt-001,m5.large,Compute,Amazon Elastic Compute Cloud,m5.large-reserved,,,"{""cost-team"": ""team-a"", ""env"": ""production"", ""purpose"": ""management""}"
2.8561,111122223333,ml-platform-prod,USD,2026-04-01T00:00:00Z,2026-05-01T00:00:00Z,Usage,m5.xlarge Reserved compute,2026-04-23T00:00:00Z,2026-04-24T00:00:00Z,23.99,Hours,2.8561,AWS,4.6066,0.192,Reserved,23.99,Hours,AWS,AWS,us-east-1,US East (N. Virginia),i-mgmt-002,i-mgmt-002,m5.xlarge,Compute,Amazon Elastic Compute Cloud,m5.xlarge-reserved,,,"{""cost-team"": ""team-b"", ""env"": ""production"", ""purpose"": ""management""}"
260.8905,111122223333,ml-platform-prod,USD,2026-04-01T00:00:00Z,2026-05-01T00:00:00Z,Usage,p4d.24xlarge Reserved compute,2026-04-24T00:00:00Z,2026-04-25T00:00:00Z,12.84,Hours,260.8905,AWS,420.7912,32.77,Reserved,12.84,Hours,AWS,AWS,us-east-1,US East (N. Virginia),i-team-a-train-001,i-team-a-train-001,p4d.24xlarge,AI and Machine Learning,Amazon Elastic Compute Cloud,p4d.24xlarge-reserved,,,"{""cost-team"": ""team-a"", ""env"": ""ml"", ""purpose"": ""training""}"
28.7816,111122223333,ml-platform-prod,USD,2026-04-01T00:00:00Z,2026-05-01T00:00:00Z,Usage,g5.2xlarge Standard compute,2026-04-24T00:00:00Z,2026-04-25T00:00:00Z,23.75,Hours,28.7816,AWS,28.7816,1.212,Standard,23.75,Hours,AWS,AWS,us-east-1,US East (N. Virginia),i-team-a-inf-001,i-team-a-inf-001,g5.2xlarge,AI and Machine Learning,Amazon Elastic Compute Cloud,g5.2xlarge-standard,,,"{""cost-team"": ""team-a"", ""env"": ""ml"", ""purpose"": ""inference""}"
24.0465,111122223333,ml-platform-prod,USD,2026-04-01T00:00:00Z,2026-05-01T00:00:00Z,Usage,g5.xlarge Standard compute,2026-04-24T00:00:00Z,2026-04-25T00:00:00Z,23.9,Hours,24.0465,AWS,24.0465,1.006,Standard,23.9,Hours,AWS,AWS,us-east-1,US East (N. Virginia),i-team-a-inf-002,i-team-a-inf-002,g5.xlarge,AI and Machine Learning,Amazon Elastic Compute Cloud,g5.xlarge-standard,,,"{""cost-team"": ""team-a"", ""env"": ""ml"", ""purpose"": ""inference""}"
13.5582,111122223333,ml-platform-prod,USD,2026-04-01T00:00:00Z,2026-05-01T00:00:00Z,Usage,g5.xlarge Standard compute,2026-04-24T00:00:00Z,2026-04-25T00:00:00Z,13.48,Hours,13.5582,AWS,13.5582,1.006,Standard,13.48,Hours,AWS,AWS,us-east-1,US East (N. Virginia),i-team-b-inf-001,i-team-b-inf-001,g5.xlarge,AI and Machine Learning,Amazon Elastic Compute Cloud,g5.xlarge-standard,,,"{""cost-team"": ""team-b"", ""env"": ""ml"", ""purpose"": ""inference""}"
2.3981,111122223333,ml-platform-prod,USD,2026-04-01T00:00:00Z,2026-05-01T00:00:00Z,Usage,g5.xlarge Spot compute,2026-04-24T00:00:00Z,2026-04-25T00:00:00Z,7.95,Hours,2.3981,AWS,7.9938,1.006,Spot,7.95,Hours,AWS,AWS,us-east-1,US East (N. Virginia),i-team-b-inf-002,i-team-b-inf-002,g5.xlarge,AI and Machine Learning,Amazon Elastic Compute Cloud,g5.xlarge-spot,,,"{""cost-team"": ""team-b"", ""env"": ""ml"", ""purpose"": ""inference""}"
3.4049,111122223333,ml-platform-prod,USD,2026-04-01T00:00:00Z,2026-05-01T00:00:00Z,Usage,g5.4xlarge Standard compute,2026-04-24T00:00:00Z,2026-04-25T00:00:00Z,2.1,Hours,3.4049,AWS,3.4049,1.624,Standard,2.1,Hours,AWS,AWS,us-east-1,US East (N. Virginia),i-research-gpu-001,i-research-gpu-001,g5.4xlarge,AI and Machine Learning,Amazon Elastic Compute Cloud,g5.4xlarge-standard,,,
1.4815,111122223333,ml-platform-prod,USD,2026-04-01T00:00:00Z,2026-05-01T00:00:00Z,Usage,m5.large Reserved compute,2026-04-24T00:00:00Z,2026-04-25T00:00:00Z,24.89,Hours,1.4815,AWS,2.3895,0.096,Reserved,24.89,Hours,AWS,AWS,us-east-1,US East (N. Virginia),i-mgmt-001,i-mgmt-001,m5.large,Compute,Amazon Elastic Compute Cloud,m5.large-reserved,,,"{""cost-team"": ""team-a"", ""env"": ""production"", ""purpose"": ""management""}"
2.9699,111122223333,ml-platform-prod,USD,2026-04-01T00:00:00Z,2026-05-01T00:00:00Z,Usage,m5.xlarge Reserved compute,2026-04-24T00:00:00Z,2026-04-25T00:00:00Z,24.95,Hours,2.9699,AWS,4.7901,0.192,Reserved,24.95,Hours,AWS,AWS,us-east-1,US East (N. Virginia),i-mgmt-002,i-mgmt-002,m5.xlarge,Compute,Amazon Elastic Compute Cloud,m5.xlarge-reserved,,,"{""cost-team"": ""team-b"", ""env"": ""production"", ""purpose"": ""management""}"
265.0122,111122223333,ml-platform-prod,USD,2026-04-01T00:00:00Z,2026-05-01T00:00:00Z,Usage,p4d.24xlarge Reserved compute,2026-04-25T00:00:00Z,2026-04-26T00:00:00Z,13.04,Hours,265.0122,AWS,427.4391,32.77,Reserved,13.04,Hours,AWS,AWS,us-east-1,US East (N. Virginia),i-team-a-train-001,i-team-a-train-001,p4d.24xlarge,AI and Machine Learning,Amazon Elastic Compute Cloud,p4d.24xlarge-reserved,,,"{""cost-team"": ""team-a"", ""env"": ""ml"", ""purpose"": ""training""}"
28.1111,111122223333,ml-platform-prod,USD,2026-04-01T00:00:00Z,2026-05-01T00:00:00Z,Usage,g5.2xlarge Standard compute,2026-04-25T00:00:00Z,2026-04-26T00:00:00Z,23.19,Hours,28.1111,AWS,28.1111,1.212,Standard,23.19,Hours,AWS,AWS,us-east-1,US East (N. Virginia),i-team-a-inf-001,i-team-a-inf-001,g5.2xlarge,AI and Machine Learning,Amazon Elastic Compute Cloud,g5.2xlarge-standard,,,"{""cost-team"": ""team-a"", ""env"": ""ml"", ""purpose"": ""inference""}"
25.5132,111122223333,ml-platform-prod,USD,2026-04-01T00:00:00Z,2026-05-01T00:00:00Z,Usage,g5.xlarge Standard compute,2026-04-25T00:00:00Z,2026-04-26T00:00:00Z,25.36,Hours,25.5132,AWS,25.5132,1.006,Standard,25.36,Hours,AWS,AWS,us-east-1,US East (N. Virginia),i-team-a-inf-002,i-team-a-inf-002,g5.xlarge,AI and Machine Learning,Amazon Elastic Compute Cloud,g5.xlarge-standard,,,"{""cost-team"": ""team-a"", ""env"": ""ml"", ""purpose"": ""inference""}"
15.2267,111122223333,ml-platform-prod,USD,2026-04-01T00:00:00Z,2026-05-01T00:00:00Z,Usage,g5.xlarge Standard compute,2026-04-25T00:00:00Z,2026-04-26T00:00:00Z,15.14,Hours,15.2267,AWS,15.2267,1.006,Standard,15.14,Hours,AWS,AWS,us-east-1,US East (N. Virginia),i-team-b-inf-001,i-team-b-inf-001,g5.xlarge,AI and Machine Learning,Amazon Elastic Compute Cloud,g5.xlarge-standard,,,"{""cost-team"": ""team-b"", ""env"": ""ml"", ""purpose"": ""inference""}"
2.5463,111122223333,ml-platform-prod,USD,2026-04-01T00:00:00Z,2026-05-01T00:00:00Z,Usage,g5.xlarge Spot compute,2026-04-25T00:00:00Z,2026-04-26T00:00:00Z,8.44,Hours,2.5463,AWS,8.4877,1.006,Spot,8.44,Hours,AWS,AWS,us-east-1,US East (N. Virginia),i-team-b-inf-002,i-team-b-inf-002,g5.xlarge,AI and Machine Learning,Amazon Elastic Compute Cloud,g5.xlarge-spot,,,"{""cost-team"": ""team-b"", ""env"": ""ml"", ""purpose"": ""inference""}"
33.6166,111122223333,ml-platform-prod,USD,2026-04-01T00:00:00Z,2026-05-01T00:00:00Z,Usage,g5.4xlarge Standard compute,2026-04-25T00:00:00Z,2026-04-26T00:00:00Z,20.7,Hours,33.6166,AWS,33.6166,1.624,Standard,20.7,Hours,AWS,AWS,us-east-1,US East (N. Virginia),i-research-gpu-001,i-research-gpu-001,g5.4xlarge,AI and Machine Learning,Amazon Elastic Compute Cloud,g5.4xlarge-standard,,,
1.4909,111122223333,ml-platform-prod,USD,2026-04-01T00:00:00Z,2026-05-01T00:00:00Z,Usage,m5.large Reserved compute,2026-04-25T00:00:00Z,2026-04-26T00:00:00Z,25.05,Hours,1.4909,AWS,2.4047,0.096,Reserved,25.05,Hours,AWS,AWS,us-east-1,US East (N. Virginia),i-mgmt-001,i-mgmt-001,m5.large,Compute,Amazon Elastic Compute Cloud,m5.large-reserved,,,"{""cost-team"": ""team-a"", ""env"": ""production"", ""purpose"": ""management""}"
2.9178,111122223333,ml-platform-prod,USD,2026-04-01T00:00:00Z,2026-05-01T00:00:00Z,Usage,m5.xlarge Reserved compute,2026-04-25T00:00:00Z,2026-04-26T00:00:00Z,24.51,Hours,2.9178,AWS,4.7061,0.192,Reserved,24.51,Hours,AWS,AWS,us-east-1,US East (N. Virginia),i-mgmt-002,i-mgmt-002,m5.xlarge,Compute,Amazon Elastic Compute Cloud,m5.xlarge-reserved,,,"{""cost-team"": ""team-b"", ""env"": ""production"", ""purpose"": ""management""}"
271.9198,111122223333,ml-platform-prod,USD,2026-04-01T00:00:00Z,2026-05-01T00:00:00Z,Usage,p4d.24xlarge Reserved compute,2026-04-26T00:00:00Z,2026-04-27T00:00:00Z,13.38,Hours,271.9198,AWS,438.5804,32.77,Reserved,13.38,Hours,AWS,AWS,us-east-1,US East (N. Virginia),i-team-a-train-001,i-team-a-train-001,p4d.24xlarge,AI and Machine Learning,Amazon Elastic Compute Cloud,p4d.24xlarge-reserved,,,"{""cost-team"": ""team-a"", ""env"": ""ml"", ""purpose"": ""training""}"
28.5497,111122223333,ml-platform-prod,USD,2026-04-01T00:00:00Z,2026-05-01T00:00:00Z,Usage,g5.2xlarge Standard compute,2026-04-26T00:00:00Z,2026-04-27T00:00:00Z,23.56,Hours,28.5497,AWS,28.5497,1.212,Standard,23.56,Hours,AWS,AWS,us-east-1,US East (N. Virginia),i-team-a-inf-001,i-team-a-inf-001,g5.2xlarge,AI and Machine Learning,Amazon Elastic Compute Cloud,g5.2xlarge-standard,,,"{""cost-team"": ""team-a"", ""env"": ""ml"", ""purpose"": ""inference""}"
23.1081,111122223333,ml-platform-prod,USD,2026-04-01T00:00:00Z,2026-05-01T00:00:00Z,Usage,g5.xlarge Standard compute,2026-04-26T00:00:00Z,2026-04-27T00:00:00Z,22.97,Hours,23.1081,AWS,23.1081,1.006,Standard,22.97,Hours,AWS,AWS,us-east-1,US East (N. Virginia),i-team-a-inf-002,i-team-a-inf-002,g5.xlarge,AI and Machine Learning,Amazon Elastic Compute Cloud,g5.xlarge-standard,,,"{""cost-team"": ""team-a"", ""env"": ""ml"", ""purpose"": ""inference""}"
14.2711,111122223333,ml-platform-prod,USD,2026-04-01T00:00:00Z,2026-05-01T00:00:00Z,Usage,g5.xlarge Standard compute,2026-04-26T00:00:00Z,2026-04-27T00:00:00Z,14.19,Hours,14.2711,AWS,14.2711,1.006,Standard,14.19,Hours,AWS,AWS,us-east-1,US East (N. Virginia),i-team-b-inf-001,i-team-b-inf-001,g5.xlarge,AI and Machine Learning,Amazon Elastic Compute Cloud,g5.xlarge-standard,,,"{""cost-team"": ""team-b"", ""env"": ""ml"", ""purpose"": ""inference""}"
2.4799,111122223333,ml-platform-prod,USD,2026-04-01T00:00:00Z,2026-05-01T00:00:00Z,Usage,g5.xlarge Spot compute,2026-04-26T00:00:00Z,2026-04-27T00:00:00Z,8.22,Hours,2.4799,AWS,8.2663,1.006,Spot,8.22,Hours,AWS,AWS,us-east-1,US East (N. Virginia),i-team-b-inf-002,i-team-b-inf-002,g5.xlarge,AI and Machine Learning,Amazon Elastic Compute Cloud,g5.xlarge-spot,,,"{""cost-team"": ""team-b"", ""env"": ""ml"", ""purpose"": ""inference""}"
27.0529,111122223333,ml-platform-prod,USD,2026-04-01T00:00:00Z,2026-05-01T00:00:00Z,Usage,g5.4xlarge Standard compute,2026-04-26T00:00:00Z,2026-04-27T00:00:00Z,16.66,Hours,27.0529,AWS,27.0529,1.624,Standard,16.66,Hours,AWS,AWS,us-east-1,US East (N. Virginia),i-research-gpu-001,i-research-gpu-001,g5.4xlarge,AI and Machine Learning,Amazon Elastic Compute Cloud,g5.4xlarge-standard,,,
1.467,111122223333,ml-platform-prod,USD,2026-04-01T00:00:00Z,2026-05-01T00:00:00Z,Usage,m5.large Reserved compute,2026-04-26T00:00:00Z,2026-04-27T00:00:00Z,24.65,Hours,1.467,AWS,2.3662,0.096,Reserved,24.65,Hours,AWS,AWS,us-east-1,US East (N. Virginia),i-mgmt-001,i-mgmt-001,m5.large,Compute,Amazon Elastic Compute Cloud,m5.large-reserved,,,"{""cost-team"": ""team-a"", ""env"": ""production"", ""purpose"": ""management""}"
2.8769,111122223333,ml-platform-prod,USD,2026-04-01T00:00:00Z,2026-05-01T00:00:00Z,Usage,m5.xlarge Reserved compute,2026-04-26T00:00:00Z,2026-04-27T00:00:00Z,24.17,Hours,2.8769,AWS,4.6401,0.192,Reserved,24.17,Hours,AWS,AWS,us-east-1,US East (N. Virginia),i-mgmt-002,i-mgmt-002,m5.xlarge,Compute,Amazon Elastic Compute Cloud,m5.xlarge-reserved,,,"{""cost-team"": ""team-b"", ""env"": ""production"", ""purpose"": ""management""}"
247.9561,111122223333,ml-platform-prod,USD,2026-04-01T00:00:00Z,2026-05-01T00:00:00Z,Usage,p4d.24xlarge Reserved compute,2026-04-27T00:00:00Z,2026-04-28T00:00:00Z,12.2,Hours,247.9561,AWS,399.9292,32.77,Reserved,12.2,Hours,AWS,AWS,us-east-1,US East (N. Virginia),i-team-a-train-001,i-team-a-train-001,p4d.24xlarge,AI and Machine Learning,Amazon Elastic Compute Cloud,p4d.24xlarge-reserved,,,"{""cost-team"": ""team-a"", ""env"": ""ml"", ""purpose"": ""training""}"
10.943,111122223333,ml-platform-prod,USD,2026-04-01T00:00:00Z,2026-05-01T00:00:00Z,Usage,g5.2xlarge Standard compute,2026-04-27T00:00:00Z,2026-04-28T00:00:00Z,9.03,Hours,10.943,AWS,10.943,1.212,Standard,9.03,Hours,AWS,AWS,us-east-1,US East (N. Virginia),i-team-a-inf-001,i-team-a-inf-001,g5.2xlarge,AI and Machine Learning,Amazon Elastic Compute Cloud,g5.2xlarge-standard,,,"{""cost-team"": ""team-a"", ""env"": ""ml"", ""purpose"": ""inference""}"
9.2445,111122223333,ml-platform-prod,USD,2026-04-01T00:00:00Z,2026-05-01T00:00:00Z,Usage,g5.xlarge Standard compute,2026-04-27T00:00:00Z,2026-04-28T00:00:00Z,9.19,Hours,9.2445,AWS,9.2445,1.006,Standard,9.19,Hours,AWS,AWS,us-east-1,US East (N. Virginia),i-team-a-inf-002,i-team-a-inf-002,g5.xlarge,AI and Machine Learning,Amazon Elastic Compute Cloud,g5.xlarge-standard,,,"{""cost-team"": ""team-a"", ""env"": ""ml"", ""purpose"": ""inference""}"
5.167,111122223333,ml-platform-prod,USD,2026-04-01T00:00:00Z,2026-05-01T00:00:00Z,Usage,g5.xlarge Standard compute,2026-04-27T00:00:00Z,2026-04-28T00:00:00Z,5.14,Hours,5.167,AWS,5.167,1.006,Standard,5.14,Hours,AWS,AWS,us-east-1,US East (N. Virginia),i-team-b-inf-001,i-team-b-inf-001,g5.xlarge,AI and Machine Learning,Amazon Elastic Compute Cloud,g5.xlarge-standard,,,"{""cost-team"": ""team-b"", ""env"": ""ml"", ""purpose"": ""inference""}"
0.9994,111122223333,ml-platform-prod,USD,2026-04-01T00:00:00Z,2026-05-01T00:00:00Z,Usage,g5.xlarge Spot compute,2026-04-27T00:00:00Z,2026-04-28T00:00:00Z,3.31,Hours,0.9994,AWS,3.3313,1.006,Spot,3.31,Hours,AWS,AWS,us-east-1,US East (N. Virginia),i-team-b-inf-002,i-team-b-inf-002,g5.xlarge,AI and Machine Learning,Amazon Elastic Compute Cloud,g5.xlarge-spot,,,"{""cost-team"": ""team-b"", ""env"": ""ml"", ""purpose"": ""inference""}"
2.5395,111122223333,ml-platform-prod,USD,2026-04-01T00:00:00Z,2026-05-01T00:00:00Z,Usage,g5.4xlarge Standard compute,2026-04-27T00:00:00Z,2026-04-28T00:00:00Z,1.56,Hours,2.5395,AWS,2.5395,1.624,Standard,1.56,Hours,AWS,AWS,us-east-1,US East (N. Virginia),i-research-gpu-001,i-research-gpu-001,g5.4xlarge,AI and Machine Learning,Amazon Elastic Compute Cloud,g5.4xlarge-standard,,,
1.5097,111122223333,ml-platform-prod,USD,2026-04-01T00:00:00Z,2026-05-01T00:00:00Z,Usage,m5.large Reserved compute,2026-04-27T00:00:00Z,2026-04-28T00:00:00Z,25.36,Hours,1.5097,AWS,2.435,0.096,Reserved,25.36,Hours,AWS,AWS,us-east-1,US East (N. Virginia),i-mgmt-001,i-mgmt-001,m5.large,Compute,Amazon Elastic Compute Cloud,m5.large-reserved,,,"{""cost-team"": ""team-a"", ""env"": ""production"", ""purpose"": ""management""}"
2.7396,111122223333,ml-platform-prod,USD,2026-04-01T00:00:00Z,2026-05-01T00:00:00Z,Usage,m5.xlarge Reserved compute,2026-04-27T00:00:00Z,2026-04-28T00:00:00Z,23.01,Hours,2.7396,AWS,4.4187,0.192,Reserved,23.01,Hours,AWS,AWS,us-east-1,US East (N. Virginia),i-mgmt-002,i-mgmt-002,m5.xlarge,Compute,Amazon Elastic Compute Cloud,m5.xlarge-reserved,,,"{""cost-team"": ""team-b"", ""env"": ""production"", ""purpose"": ""management""}"
255.0573,111122223333,ml-platform-prod,USD,2026-04-01T00:00:00Z,2026-05-01T00:00:00Z,Usage,p4d.24xlarge Reserved compute,2026-04-28T00:00:00Z,2026-04-29T00:00:00Z,12.55,Hours,255.0573,AWS,411.3828,32.77,Reserved,12.55,Hours,AWS,AWS,us-east-1,US East (N. Virginia),i-team-a-train-001,i-team-a-train-001,p4d.24xlarge,AI and Machine Learning,Amazon Elastic Compute Cloud,p4d.24xlarge-reserved,,,"{""cost-team"": ""team-a"", ""env"": ""ml"", ""purpose"": ""training""}"
12.2633,111122223333,ml-platform-prod,USD,2026-04-01T00:00:00Z,2026-05-01T00:00:00Z,Usage,g5.2xlarge Standard compute,2026-04-28T00:00:00Z,2026-04-29T00:00:00Z,10.12,Hours,12.2633,AWS,12.2633,1.212,Standard,10.12,Hours,AWS,AWS,us-east-1,US East (N. Virginia),i-team-a-inf-001,i-team-a-inf-001,g5.2xlarge,AI and Machine Learning,Amazon Elastic Compute Cloud,g5.2xlarge-standard,,,"{""cost-team"": ""team-a"", ""env"": ""ml"", ""purpose"": ""inference""}"
10.105,111122223333,ml-platform-prod,USD,2026-04-01T00:00:00Z,2026-05-01T00:00:00Z,Usage,g5.xlarge Standard compute,2026-04-28T00:00:00Z,2026-04-29T00:00:00Z,10.04,Hours,10.105,AWS,10.105,1.006,Standard,10.04,Hours,AWS,AWS,us-east-1,US East (N. Virginia),i-team-a-inf-002,i-team-a-inf-002,g5.xlarge,AI and Machine Learning,Amazon Elastic Compute Cloud,g5.xlarge-standard,,,"{""cost-team"": ""team-a"", ""env"": ""ml"", ""purpose"": ""inference""}"
5.0008,111122223333,ml-platform-prod,USD,2026-04-01T00:00:00Z,2026-05-01T00:00:00Z,Usage,g5.xlarge Standard compute,2026-04-28T00:00:00Z,2026-04-29T00:00:00Z,4.97,Hours,5.0008,AWS,5.0008,1.006,Standard,4.97,Hours,AWS,AWS,us-east-1,US East (N. Virginia),i-team-b-inf-001,i-team-b-inf-001,g5.xlarge,AI and Machine Learning,Amazon Elastic Compute Cloud,g5.xlarge-standard,,,"{""cost-team"": ""team-b"", ""env"": ""ml"", ""purpose"": ""inference""}"
1.0443,111122223333,ml-platform-prod,USD,2026-04-01T00:00:00Z,2026-05-01T00:00:00Z,Usage,g5.xlarge Spot compute,2026-04-28T00:00:00Z,2026-04-29T00:00:00Z,3.46,Hours,1.0443,AWS,3.4809,1.006,Spot,3.46,Hours,AWS,AWS,us-east-1,US East (N. Virginia),i-team-b-inf-002,i-team-b-inf-002,g5.xlarge,AI and Machine Learning,Amazon Elastic Compute Cloud,g5.xlarge-spot,,,"{""cost-team"": ""team-b"", ""env"": ""ml"", ""purpose"": ""inference""}"
28.681,111122223333,ml-platform-prod,USD,2026-04-01T00:00:00Z,2026-05-01T00:00:00Z,Usage,g5.4xlarge Standard compute,2026-04-28T00:00:00Z,2026-04-29T00:00:00Z,17.66,Hours,28.681,AWS,28.681,1.624,Standard,17.66,Hours,AWS,AWS,us-east-1,US East (N. Virginia),i-research-gpu-001,i-research-gpu-001,g5.4xlarge,AI and Machine Learning,Amazon Elastic Compute Cloud,g5.4xlarge-standard,,,
1.4887,111122223333,ml-platform-prod,USD,2026-04-01T00:00:00Z,2026-05-01T00:00:00Z,Usage,m5.large Reserved compute,2026-04-28T00:00:00Z,2026-04-29T00:00:00Z,25.01,Hours,1.4887,AWS,2.4012,0.096,Reserved,25.01,Hours,AWS,AWS,us-east-1,US East (N. Virginia),i-mgmt-001,i-mgmt-001,m5.large,Compute,Amazon Elastic Compute Cloud,m5.large-reserved,,,"{""cost-team"": ""team-a"", ""env"": ""production"", ""purpose"": ""management""}"
2.7823,111122223333,ml-platform-prod,USD,2026-04-01T00:00:00Z,2026-05-01T00:00:00Z,Usage,m5.xlarge Reserved compute,2026-04-28T00:00:00Z,2026-04-29T00:00:00Z,23.37,Hours,2.7823,AWS,4.4876,0.192,Reserved,23.37,Hours,AWS,AWS,us-east-1,US East (N. Virginia),i-mgmt-002,i-mgmt-002,m5.xlarge,Compute,Amazon Elastic Compute Cloud,m5.xlarge-reserved,,,"{""cost-team"": ""team-b"", ""env"": ""production"", ""purpose"": ""management""}"
232.5084,111122223333,ml-platform-prod,USD,2026-04-01T00:00:00Z,2026-05-01T00:00:00Z,Usage,p4d.24xlarge Reserved compute,2026-04-29T00:00:00Z,2026-04-30T00:00:00Z,11.44,Hours,232.5084,AWS,375.0135,32.77,Reserved,11.44,Hours,AWS,AWS,us-east-1,US East (N. Virginia),i-team-a-train-001,i-team-a-train-001,p4d.24xlarge,AI and Machine Learning,Amazon Elastic Compute Cloud,p4d.24xlarge-reserved,,,"{""cost-team"": ""team-a"", ""env"": ""ml"", ""purpose"": ""training""}"
28.2185,111122223333,ml-platform-prod,USD,2026-04-01T00:00:00Z,2026-05-01T00:00:00Z,Usage,g5.2xlarge Standard compute,2026-04-29T00:00:00Z,2026-04-30T00:00:00Z,23.28,Hours,28.2185,AWS,28.2185,1.212,Standard,23.28,Hours,AWS,AWS,us-east-1,US East (N. Virginia),i-team-a-inf-001,i-team-a-inf-001,g5.2xlarge,AI and Machine Learning,Amazon Elastic Compute Cloud,g5.2xlarge-standard,,,"{""cost-team"": ""team-a"", ""env"": ""ml"", ""purpose"": ""inference""}"
22.8248,111122223333,ml-platform-prod,USD,2026-04-01T00:00:00Z,2026-05-01T00:00:00Z,Usage,g5.xlarge Standard compute,2026-04-29T00:00:00Z,2026-04-30T00:00:00Z,22.69,Hours,22.8248,AWS,22.8248,1.006,Standard,22.69,Hours,AWS,AWS,us-east-1,US East (N. Virginia),i-team-a-inf-002,i-team-a-inf-002,g5.xlarge,AI and Machine Learning,Amazon Elastic Compute Cloud,g5.xlarge-standard,,,"{""cost-team"": ""team-a"", ""env"": ""ml"", ""purpose"": ""inference""}"
13.8173,111122223333,ml-platform-prod,USD,2026-04-01T00:00:00Z,2026-05-01T00:00:00Z,Usage,g5.xlarge Standard compute,2026-04-29T00:00:00Z,2026-04-30T00:00:00Z,13.73,Hours,13.8173,AWS,13.8173,1.006,Standard,13.73,Hours,AWS,AWS,us-east-1,US East (N. Virginia),i-team-b-inf-001,i-team-b-inf-001,g5.xlarge,AI and Machine Learning,Amazon Elastic Compute Cloud,g5.xlarge-standard,,,"{""cost-team"": ""team-b"", ""env"": ""ml"", ""purpose"": ""inference""}"
2.7748,111122223333,ml-platform-prod,USD,2026-04-01T00:00:00Z,2026-05-01T00:00:00Z,Usage,g5.xlarge Spot compute,2026-04-29T00:00:00Z,2026-04-30T00:00:00Z,9.19,Hours,2.7748,AWS,9.2493,1.006,Spot,9.19,Hours,AWS,AWS,us-east-1,US East (N. Virginia),i-team-b-inf-002,i-team-b-inf-002,g5.xlarge,AI and Machine Learning,Amazon Elastic Compute Cloud,g5.xlarge-spot,,,"{""cost-team"": ""team-b"", ""env"": ""ml"", ""purpose"": ""inference""}"
30.0232,111122223333,ml-platform-prod,USD,2026-04-01T00:00:00Z,2026-05-01T00:00:00Z,Usage,g5.4xlarge Standard compute,2026-04-29T00:00:00Z,2026-04-30T00:00:00Z,18.49,Hours,30.0232,AWS,30.0232,1.624,Standard,18.49,Hours,AWS,AWS,us-east-1,US East (N. Virginia),i-research-gpu-001,i-research-gpu-001,g5.4xlarge,AI and Machine Learning,Amazon Elastic Compute Cloud,g5.4xlarge-standard,,,
1.3419,111122223333,ml-platform-prod,USD,2026-04-01T00:00:00Z,2026-05-01T00:00:00Z,Usage,m5.large Reserved compute,2026-04-29T00:00:00Z,2026-04-30T00:00:00Z,22.55,Hours,1.3419,AWS,2.1644,0.096,Reserved,22.55,Hours,AWS,AWS,us-east-1,US East (N. Virginia),i-mgmt-001,i-mgmt-001,m5.large,Compute,Amazon Elastic Compute Cloud,m5.large-reserved,,,"{""cost-team"": ""team-a"", ""env"": ""production"", ""purpose"": ""management""}"
2.7129,111122223333,ml-platform-prod,USD,2026-04-01T00:00:00Z,2026-05-01T00:00:00Z,Usage,m5.xlarge Reserved compute,2026-04-29T00:00:00Z,2026-04-30T00:00:00Z,22.79,Hours,2.7129,AWS,4.3756,0.192,Reserved,22.79,Hours,AWS,AWS,us-east-1,US East (N. Virginia),i-mgmt-002,i-mgmt-002,m5.xlarge,Compute,Amazon Elastic Compute Cloud,m5.xlarge-reserved,,,"{""cost-team"": ""team-b"", ""env"": ""production"", ""purpose"": ""management""}"
214.7332,111122223333,ml-platform-prod,USD,2026-04-01T00:00:00Z,2026-05-01T00:00:00Z,Usage,p4d.24xlarge Reserved compute,2026-04-30T00:00:00Z,2026-05-01T00:00:00Z,10.57,Hours,214.7332,AWS,346.3439,32.77,Reserved,10.57,Hours,AWS,AWS,us-east-1,US East (N. Virginia),i-team-a-train-001,i-team-a-train-001,p4d.24xlarge,AI and Machine Learning,Amazon Elastic Compute Cloud,p4d.24xlarge-reserved,,,"{""cost-team"": ""team-a"", ""env"": ""ml"", ""purpose"": ""training""}"
27.7173,111122223333,ml-platform-prod,USD,2026-04-01T00:00:00Z,2026-05-01T00:00:00Z,Usage,g5.2xlarge Standard compute,2026-04-30T00:00:00Z,2026-05-01T00:00:00Z,22.87,Hours,27.7173,AWS,27.7173,1.212,Standard,22.87,Hours,AWS,AWS,us-east-1,US East (N. Virginia),i-team-a-inf-001,i-team-a-inf-001,g5.2xlarge,AI and Machine Learning,Amazon Elastic Compute Cloud,g5.2xlarge-standard,,,"{""cost-team"": ""team-a"", ""env"": ""ml"", ""purpose"": ""inference""}"
24.7048,111122223333,ml-platform-prod,USD,2026-04-01T00:00:00Z,2026-05-01T00:00:00Z,Usage,g5.xlarge Standard compute,2026-04-30T00:00:00Z,2026-05-01T00:00:00Z,24.56,Hours,24.7048,AWS,24.7048,1.006,Standard,24.56,Hours,AWS,AWS,us-east-1,US East (N. Virginia),i-team-a-inf-002,i-team-a-inf-002,g5.xlarge,AI and Machine Learning,Amazon Elastic Compute Cloud,g5.xlarge-standard,,,"{""cost-team"": ""team-a"", ""env"": ""ml"", ""purpose"": ""inference""}"
14.3148,111122223333,ml-platform-prod,USD,2026-04-01T00:00:00Z,2026-05-01T00:00:00Z,Usage,g5.xlarge Standard compute,2026-04-30T00:00:00Z,2026-05-01T00:00:00Z,14.23,Hours,14.3148,AWS,14.3148,1.006,Standard,14.23,Hours,AWS,AWS,us-east-1,US East (N. Virginia),i-team-b-inf-001,i-team-b-inf-001,g5.xlarge,AI and Machine Learning,Amazon Elastic Compute Cloud,g5.xlarge-standard,,,"{""cost-team"": ""team-b"", ""env"": ""ml"", ""purpose"": ""inference""}"
2.8093,111122223333,ml-platform-prod,USD,2026-04-01T00:00:00Z,2026-05-01T00:00:00Z,Usage,g5.xlarge Spot compute,2026-04-30T00:00:00Z,2026-05-01T00:00:00Z,9.31,Hours,2.8093,AWS,9.3642,1.006,Spot,9.31,Hours,AWS,AWS,us-east-1,US East (N. Virginia),i-team-b-inf-002,i-team-b-inf-002,g5.xlarge,AI and Machine Learning,Amazon Elastic Compute Cloud,g5.xlarge-spot,,,"{""cost-team"": ""team-b"", ""env"": ""ml"", ""purpose"": ""inference""}"
33.5819,111122223333,ml-platform-prod,USD,2026-04-01T00:00:00Z,2026-05-01T00:00:00Z,Usage,g5.4xlarge Standard compute,2026-04-30T00:00:00Z,2026-05-01T00:00:00Z,20.68,Hours,33.5819,AWS,33.5819,1.624,Standard,20.68,Hours,AWS,AWS,us-east-1,US East (N. Virginia),i-research-gpu-001,i-research-gpu-001,g5.4xlarge,AI and Machine Learning,Amazon Elastic Compute Cloud,g5.4xlarge-standard,,,
1.4476,111122223333,ml-platform-prod,USD,2026-04-01T00:00:00Z,2026-05-01T00:00:00Z,Usage,m5.large Reserved compute,2026-04-30T00:00:00Z,2026-05-01T00:00:00Z,24.32,Hours,1.4476,AWS,2.3349,0.096,Reserved,24.32,Hours,AWS,AWS,us-east-1,US East (N. Virginia),i-mgmt-001,i-mgmt-001,m5.large,Compute,Amazon Elastic Compute Cloud,m5.large-reserved,,,"{""cost-team"": ""team-a"", ""env"": ""production"", ""purpose"": ""management""}"
2.9122,111122223333,ml-platform-prod,USD,2026-04-01T00:00:00Z,2026-05-01T00:00:00Z,Usage,m5.xlarge Reserved compute,2026-04-30T00:00:00Z,2026-05-01T00:00:00Z,24.46,Hours,2.9122,AWS,4.6971,0.192,Reserved,24.46,Hours,AWS,AWS,us-east-1,US East (N. Virginia),i-mgmt-002,i-mgmt-002,m5.xlarge,Compute,Amazon Elastic Compute Cloud,m5.xlarge-reserved,,,"{""cost-team"": ""team-b"", ""env"": ""production"", ""purpose"": ""management""}"
